external_id,owner_id,vaccination_centre_id,household_name,case_name,household_date_of_registration,household_area_urban_rural
HH_4IHze,804cb2529bed462c9b941e7935e4e30e,804cb2529bed462c9b941e7935e4e30e,HH_4IHze,HH_4IHze,2020-09-02,urban
HH_N39F9,804cb2529bed462c9b941e7935e4e30e,804cb2529bed462c9b941e7935e4e30e,HH_N39F9,HH_N39F9,2021-02-06,rural
HH_zzapy,804cb2529bed462c9b941e7935e4e30e,804cb2529bed462c9b941e7935e4e30e,HH_zzapy,HH_zzapy,2021-07-15,urban
HH_EXlsJ,804cb2529bed462c9b941e7935e4e30e,804cb2529bed462c9b941e7935e4e30e,HH_EXlsJ,HH_EXlsJ,2021-02-17,urban
HH_oWIlg,804cb2529bed462c9b941e7935e4e30e,804cb2529bed462c9b941e7935e4e30e,HH_oWIlg,HH_oWIlg,2021-01-16,urban
HH_j7yIg,804cb2529bed462c9b941e7935e4e30e,804cb2529bed462c9b941e7935e4e30e,HH_j7yIg,HH_j7yIg,2020-09-14,urban
HH_6iQDJ,804cb2529bed462c9b941e7935e4e30e,804cb2529bed462c9b941e7935e4e30e,HH_6iQDJ,HH_6iQDJ,2021-07-22,rural
HH_KHIEx,804cb2529bed462c9b941e7935e4e30e,804cb2529bed462c9b941e7935e4e30e,HH_KHIEx,HH_KHIEx,2021-03-13,rural
HH_HfwDp,804cb2529bed462c9b941e7935e4e30e,804cb2529bed462c9b941e7935e4e30e,HH_HfwDp,HH_HfwDp,2021-05-08,urban
HH_sWjVi,804cb2529bed462c9b941e7935e4e30e,804cb2529bed462c9b941e7935e4e30e,HH_sWjVi,HH_sWjVi,2021-01-21,rural
HH_x6FB1,804cb2529bed462c9b941e7935e4e30e,804cb2529bed462c9b941e7935e4e30e,HH_x6FB1,HH_x6FB1,2021-07-20,rural
HH_HTAFf,804cb2529bed462c9b941e7935e4e30e,804cb2529bed462c9b941e7935e4e30e,HH_HTAFf,HH_HTAFf,2021-04-26,rural
HH_AimJT,804cb2529bed462c9b941e7935e4e30e,804cb2529bed462c9b941e7935e4e30e,HH_AimJT,HH_AimJT,2021-08-08,rural
HH_4DWRl,804cb2529bed462c9b941e7935e4e30e,804cb2529bed462c9b941e7935e4e30e,HH_4DWRl,HH_4DWRl,2021-01-04,urban
HH_iGLRl,804cb2529bed462c9b941e7935e4e30e,804cb2529bed462c9b941e7935e4e30e,HH_iGLRl,HH_iGLRl,2020-10-08,urban
HH_agfYq,804cb2529bed462c9b941e7935e4e30e,804cb2529bed462c9b941e7935e4e30e,HH_agfYq,HH_agfYq,2021-08-16,urban
HH_N8xOR,804cb2529bed462c9b941e7935e4e30e,804cb2529bed462c9b941e7935e4e30e,HH_N8xOR,HH_N8xOR,2021-04-27,urban
HH_Q6DZp,804cb2529bed462c9b941e7935e4e30e,804cb2529bed462c9b941e7935e4e30e,HH_Q6DZp,HH_Q6DZp,2020-12-27,rural
HH_08nD2,804cb2529bed462c9b941e7935e4e30e,804cb2529bed462c9b941e7935e4e30e,HH_08nD2,HH_08nD2,2021-08-15,urban
HH_VGczW,804cb2529bed462c9b941e7935e4e30e,804cb2529bed462c9b941e7935e4e30e,HH_VGczW,HH_VGczW,2020-09-17,urban
HH_ORM3h,804cb2529bed462c9b941e7935e4e30e,804cb2529bed462c9b941e7935e4e30e,HH_ORM3h,HH_ORM3h,2021-07-05,urban
HH_aIbYu,804cb2529bed462c9b941e7935e4e30e,804cb2529bed462c9b941e7935e4e30e,HH_aIbYu,HH_aIbYu,2021-04-02,urban
HH_Mi9ST,804cb2529bed462c9b941e7935e4e30e,804cb2529bed462c9b941e7935e4e30e,HH_Mi9ST,HH_Mi9ST,2021-02-13,urban
HH_5sjmm,804cb2529bed462c9b941e7935e4e30e,804cb2529bed462c9b941e7935e4e30e,HH_5sjmm,HH_5sjmm,2021-03-26,urban
HH_SxQAJ,804cb2529bed462c9b941e7935e4e30e,804cb2529bed462c9b941e7935e4e30e,HH_SxQAJ,HH_SxQAJ,2021-08-26,rural
HH_gfQ0A,804cb2529bed462c9b941e7935e4e30e,804cb2529bed462c9b941e7935e4e30e,HH_gfQ0A,HH_gfQ0A,2021-02-09,rural
HH_0czyI,804cb2529bed462c9b941e7935e4e30e,804cb2529bed462c9b941e7935e4e30e,HH_0czyI,HH_0czyI,2020-11-13,urban
HH_mGQxr,804cb2529bed462c9b941e7935e4e30e,804cb2529bed462c9b941e7935e4e30e,HH_mGQxr,HH_mGQxr,2021-03-24,rural
HH_Ge838,804cb2529bed462c9b941e7935e4e30e,804cb2529bed462c9b941e7935e4e30e,HH_Ge838,HH_Ge838,2021-06-09,urban
HH_aAnak,804cb2529bed462c9b941e7935e4e30e,804cb2529bed462c9b941e7935e4e30e,HH_aAnak,HH_aAnak,2021-03-08,rural
HH_0Zm9G,804cb2529bed462c9b941e7935e4e30e,804cb2529bed462c9b941e7935e4e30e,HH_0Zm9G,HH_0Zm9G,2021-06-30,rural
HH_1LKZU,804cb2529bed462c9b941e7935e4e30e,804cb2529bed462c9b941e7935e4e30e,HH_1LKZU,HH_1LKZU,2021-06-22,urban
HH_8chrk,804cb2529bed462c9b941e7935e4e30e,804cb2529bed462c9b941e7935e4e30e,HH_8chrk,HH_8chrk,2020-09-23,urban
HH_7Kvhh,804cb2529bed462c9b941e7935e4e30e,804cb2529bed462c9b941e7935e4e30e,HH_7Kvhh,HH_7Kvhh,2021-02-16,urban
HH_7YXVg,804cb2529bed462c9b941e7935e4e30e,804cb2529bed462c9b941e7935e4e30e,HH_7YXVg,HH_7YXVg,2020-09-08,rural
HH_mMrRI,804cb2529bed462c9b941e7935e4e30e,804cb2529bed462c9b941e7935e4e30e,HH_mMrRI,HH_mMrRI,2021-04-02,rural
HH_BeqR6,804cb2529bed462c9b941e7935e4e30e,804cb2529bed462c9b941e7935e4e30e,HH_BeqR6,HH_BeqR6,2020-11-02,rural
HH_WatBa,804cb2529bed462c9b941e7935e4e30e,804cb2529bed462c9b941e7935e4e30e,HH_WatBa,HH_WatBa,2021-03-29,urban
HH_lYRNv,804cb2529bed462c9b941e7935e4e30e,804cb2529bed462c9b941e7935e4e30e,HH_lYRNv,HH_lYRNv,2021-07-19,rural
HH_RNCMj,804cb2529bed462c9b941e7935e4e30e,804cb2529bed462c9b941e7935e4e30e,HH_RNCMj,HH_RNCMj,2021-05-20,rural
HH_oXp0P,804cb2529bed462c9b941e7935e4e30e,804cb2529bed462c9b941e7935e4e30e,HH_oXp0P,HH_oXp0P,2021-07-23,urban
HH_h7Zea,804cb2529bed462c9b941e7935e4e30e,804cb2529bed462c9b941e7935e4e30e,HH_h7Zea,HH_h7Zea,2020-09-14,rural
HH_Lxb8J,804cb2529bed462c9b941e7935e4e30e,804cb2529bed462c9b941e7935e4e30e,HH_Lxb8J,HH_Lxb8J,2021-04-06,urban
HH_b7J4s,804cb2529bed462c9b941e7935e4e30e,804cb2529bed462c9b941e7935e4e30e,HH_b7J4s,HH_b7J4s,2021-06-10,urban
HH_TaoAi,804cb2529bed462c9b941e7935e4e30e,804cb2529bed462c9b941e7935e4e30e,HH_TaoAi,HH_TaoAi,2021-03-16,rural
HH_nW7Ol,804cb2529bed462c9b941e7935e4e30e,804cb2529bed462c9b941e7935e4e30e,HH_nW7Ol,HH_nW7Ol,2021-02-04,urban
HH_TMnD5,804cb2529bed462c9b941e7935e4e30e,804cb2529bed462c9b941e7935e4e30e,HH_TMnD5,HH_TMnD5,2020-10-19,rural
HH_pNPom,804cb2529bed462c9b941e7935e4e30e,804cb2529bed462c9b941e7935e4e30e,HH_pNPom,HH_pNPom,2021-01-23,rural
HH_KcCHH,804cb2529bed462c9b941e7935e4e30e,804cb2529bed462c9b941e7935e4e30e,HH_KcCHH,HH_KcCHH,2021-03-04,urban
HH_VSqnE,804cb2529bed462c9b941e7935e4e30e,804cb2529bed462c9b941e7935e4e30e,HH_VSqnE,HH_VSqnE,2020-10-11,rural
HH_xWUPB,804cb2529bed462c9b941e7935e4e30e,804cb2529bed462c9b941e7935e4e30e,HH_xWUPB,HH_xWUPB,2021-03-05,rural
HH_zGZot,804cb2529bed462c9b941e7935e4e30e,804cb2529bed462c9b941e7935e4e30e,HH_zGZot,HH_zGZot,2021-01-25,urban
HH_8aRuZ,804cb2529bed462c9b941e7935e4e30e,804cb2529bed462c9b941e7935e4e30e,HH_8aRuZ,HH_8aRuZ,2021-05-09,rural
HH_lsSvd,804cb2529bed462c9b941e7935e4e30e,804cb2529bed462c9b941e7935e4e30e,HH_lsSvd,HH_lsSvd,2021-08-31,rural
HH_80fia,804cb2529bed462c9b941e7935e4e30e,804cb2529bed462c9b941e7935e4e30e,HH_80fia,HH_80fia,2020-11-11,urban
HH_5hzWP,804cb2529bed462c9b941e7935e4e30e,804cb2529bed462c9b941e7935e4e30e,HH_5hzWP,HH_5hzWP,2020-09-18,urban
HH_0gfbV,804cb2529bed462c9b941e7935e4e30e,804cb2529bed462c9b941e7935e4e30e,HH_0gfbV,HH_0gfbV,2020-11-02,rural
HH_MIP3I,804cb2529bed462c9b941e7935e4e30e,804cb2529bed462c9b941e7935e4e30e,HH_MIP3I,HH_MIP3I,2021-05-01,rural
HH_u9ZiP,804cb2529bed462c9b941e7935e4e30e,804cb2529bed462c9b941e7935e4e30e,HH_u9ZiP,HH_u9ZiP,2020-11-30,rural
HH_a6rNY,804cb2529bed462c9b941e7935e4e30e,804cb2529bed462c9b941e7935e4e30e,HH_a6rNY,HH_a6rNY,2021-04-23,rural
HH_jcaHX,804cb2529bed462c9b941e7935e4e30e,804cb2529bed462c9b941e7935e4e30e,HH_jcaHX,HH_jcaHX,2021-05-25,rural
HH_thLQm,804cb2529bed462c9b941e7935e4e30e,804cb2529bed462c9b941e7935e4e30e,HH_thLQm,HH_thLQm,2021-01-14,rural
HH_6Ch1a,804cb2529bed462c9b941e7935e4e30e,804cb2529bed462c9b941e7935e4e30e,HH_6Ch1a,HH_6Ch1a,2020-11-08,urban
HH_6aDNw,804cb2529bed462c9b941e7935e4e30e,804cb2529bed462c9b941e7935e4e30e,HH_6aDNw,HH_6aDNw,2021-01-02,urban
HH_svu6x,804cb2529bed462c9b941e7935e4e30e,804cb2529bed462c9b941e7935e4e30e,HH_svu6x,HH_svu6x,2021-01-28,rural
HH_vOd2W,804cb2529bed462c9b941e7935e4e30e,804cb2529bed462c9b941e7935e4e30e,HH_vOd2W,HH_vOd2W,2020-10-25,rural
HH_qrFT2,804cb2529bed462c9b941e7935e4e30e,804cb2529bed462c9b941e7935e4e30e,HH_qrFT2,HH_qrFT2,2021-06-26,urban
HH_cSksW,804cb2529bed462c9b941e7935e4e30e,804cb2529bed462c9b941e7935e4e30e,HH_cSksW,HH_cSksW,2021-04-30,urban
HH_vk4Y3,804cb2529bed462c9b941e7935e4e30e,804cb2529bed462c9b941e7935e4e30e,HH_vk4Y3,HH_vk4Y3,2020-09-21,urban
HH_ozRIO,804cb2529bed462c9b941e7935e4e30e,804cb2529bed462c9b941e7935e4e30e,HH_ozRIO,HH_ozRIO,2021-05-17,rural
HH_VyUX5,804cb2529bed462c9b941e7935e4e30e,804cb2529bed462c9b941e7935e4e30e,HH_VyUX5,HH_VyUX5,2020-10-23,rural
HH_rltMH,804cb2529bed462c9b941e7935e4e30e,804cb2529bed462c9b941e7935e4e30e,HH_rltMH,HH_rltMH,2020-11-29,rural
HH_KlX5O,804cb2529bed462c9b941e7935e4e30e,804cb2529bed462c9b941e7935e4e30e,HH_KlX5O,HH_KlX5O,2021-07-01,rural
HH_JJCyn,804cb2529bed462c9b941e7935e4e30e,804cb2529bed462c9b941e7935e4e30e,HH_JJCyn,HH_JJCyn,2020-09-08,urban
HH_hK6yv,804cb2529bed462c9b941e7935e4e30e,804cb2529bed462c9b941e7935e4e30e,HH_hK6yv,HH_hK6yv,2021-03-21,rural
HH_ctgq9,804cb2529bed462c9b941e7935e4e30e,804cb2529bed462c9b941e7935e4e30e,HH_ctgq9,HH_ctgq9,2021-02-04,urban
HH_BUFAm,804cb2529bed462c9b941e7935e4e30e,804cb2529bed462c9b941e7935e4e30e,HH_BUFAm,HH_BUFAm,2020-10-08,rural
HH_PTRjh,804cb2529bed462c9b941e7935e4e30e,804cb2529bed462c9b941e7935e4e30e,HH_PTRjh,HH_PTRjh,2021-07-29,rural
HH_cP9J6,804cb2529bed462c9b941e7935e4e30e,804cb2529bed462c9b941e7935e4e30e,HH_cP9J6,HH_cP9J6,2021-03-08,urban
HH_uChVx,804cb2529bed462c9b941e7935e4e30e,804cb2529bed462c9b941e7935e4e30e,HH_uChVx,HH_uChVx,2021-02-08,urban
HH_VC5oO,804cb2529bed462c9b941e7935e4e30e,804cb2529bed462c9b941e7935e4e30e,HH_VC5oO,HH_VC5oO,2021-08-15,rural
HH_dcKio,804cb2529bed462c9b941e7935e4e30e,804cb2529bed462c9b941e7935e4e30e,HH_dcKio,HH_dcKio,2020-12-18,rural
HH_bL5K0,804cb2529bed462c9b941e7935e4e30e,804cb2529bed462c9b941e7935e4e30e,HH_bL5K0,HH_bL5K0,2020-09-04,rural
HH_C93eC,804cb2529bed462c9b941e7935e4e30e,804cb2529bed462c9b941e7935e4e30e,HH_C93eC,HH_C93eC,2021-08-02,rural
HH_4aPwr,804cb2529bed462c9b941e7935e4e30e,804cb2529bed462c9b941e7935e4e30e,HH_4aPwr,HH_4aPwr,2021-02-05,rural
HH_rJI7a,804cb2529bed462c9b941e7935e4e30e,804cb2529bed462c9b941e7935e4e30e,HH_rJI7a,HH_rJI7a,2020-11-26,urban
HH_4mVEN,804cb2529bed462c9b941e7935e4e30e,804cb2529bed462c9b941e7935e4e30e,HH_4mVEN,HH_4mVEN,2021-06-13,urban
HH_LYoJu,804cb2529bed462c9b941e7935e4e30e,804cb2529bed462c9b941e7935e4e30e,HH_LYoJu,HH_LYoJu,2021-05-20,rural
HH_jJuWP,804cb2529bed462c9b941e7935e4e30e,804cb2529bed462c9b941e7935e4e30e,HH_jJuWP,HH_jJuWP,2021-08-06,rural
HH_DSJMA,804cb2529bed462c9b941e7935e4e30e,804cb2529bed462c9b941e7935e4e30e,HH_DSJMA,HH_DSJMA,2020-11-28,urban
HH_Ou79c,804cb2529bed462c9b941e7935e4e30e,804cb2529bed462c9b941e7935e4e30e,HH_Ou79c,HH_Ou79c,2021-07-06,urban
HH_c8Gyv,804cb2529bed462c9b941e7935e4e30e,804cb2529bed462c9b941e7935e4e30e,HH_c8Gyv,HH_c8Gyv,2020-11-26,urban
HH_PjwTN,804cb2529bed462c9b941e7935e4e30e,804cb2529bed462c9b941e7935e4e30e,HH_PjwTN,HH_PjwTN,2021-08-12,urban
HH_ydZxr,804cb2529bed462c9b941e7935e4e30e,804cb2529bed462c9b941e7935e4e30e,HH_ydZxr,HH_ydZxr,2020-12-31,urban
HH_FLTv7,804cb2529bed462c9b941e7935e4e30e,804cb2529bed462c9b941e7935e4e30e,HH_FLTv7,HH_FLTv7,2020-11-03,rural
HH_BBWop,804cb2529bed462c9b941e7935e4e30e,804cb2529bed462c9b941e7935e4e30e,HH_BBWop,HH_BBWop,2021-01-11,rural
HH_kiWfc,804cb2529bed462c9b941e7935e4e30e,804cb2529bed462c9b941e7935e4e30e,HH_kiWfc,HH_kiWfc,2021-03-07,rural
HH_ZsCLp,804cb2529bed462c9b941e7935e4e30e,804cb2529bed462c9b941e7935e4e30e,HH_ZsCLp,HH_ZsCLp,2021-07-09,rural
HH_kR27z,804cb2529bed462c9b941e7935e4e30e,804cb2529bed462c9b941e7935e4e30e,HH_kR27z,HH_kR27z,2021-02-13,urban
HH_4GV28,804cb2529bed462c9b941e7935e4e30e,804cb2529bed462c9b941e7935e4e30e,HH_4GV28,HH_4GV28,2021-02-07,rural
HH_V5JRu,804cb2529bed462c9b941e7935e4e30e,804cb2529bed462c9b941e7935e4e30e,HH_V5JRu,HH_V5JRu,2020-09-19,rural
HH_z5AuC,804cb2529bed462c9b941e7935e4e30e,804cb2529bed462c9b941e7935e4e30e,HH_z5AuC,HH_z5AuC,2021-05-31,rural
HH_g8Jw3,804cb2529bed462c9b941e7935e4e30e,804cb2529bed462c9b941e7935e4e30e,HH_g8Jw3,HH_g8Jw3,2021-05-28,rural
HH_Avta1,804cb2529bed462c9b941e7935e4e30e,804cb2529bed462c9b941e7935e4e30e,HH_Avta1,HH_Avta1,2021-02-25,rural
HH_cdbST,804cb2529bed462c9b941e7935e4e30e,804cb2529bed462c9b941e7935e4e30e,HH_cdbST,HH_cdbST,2021-05-13,urban
HH_cKOUn,804cb2529bed462c9b941e7935e4e30e,804cb2529bed462c9b941e7935e4e30e,HH_cKOUn,HH_cKOUn,2021-05-08,rural
HH_QRvja,804cb2529bed462c9b941e7935e4e30e,804cb2529bed462c9b941e7935e4e30e,HH_QRvja,HH_QRvja,2020-11-20,urban
HH_v6XGf,804cb2529bed462c9b941e7935e4e30e,804cb2529bed462c9b941e7935e4e30e,HH_v6XGf,HH_v6XGf,2021-01-15,rural
HH_PIGOw,804cb2529bed462c9b941e7935e4e30e,804cb2529bed462c9b941e7935e4e30e,HH_PIGOw,HH_PIGOw,2021-02-05,urban
HH_ZFqtM,804cb2529bed462c9b941e7935e4e30e,804cb2529bed462c9b941e7935e4e30e,HH_ZFqtM,HH_ZFqtM,2020-09-22,urban
HH_PR8Pt,804cb2529bed462c9b941e7935e4e30e,804cb2529bed462c9b941e7935e4e30e,HH_PR8Pt,HH_PR8Pt,2021-04-30,urban
HH_zRSdJ,804cb2529bed462c9b941e7935e4e30e,804cb2529bed462c9b941e7935e4e30e,HH_zRSdJ,HH_zRSdJ,2021-02-07,rural
HH_OKYao,804cb2529bed462c9b941e7935e4e30e,804cb2529bed462c9b941e7935e4e30e,HH_OKYao,HH_OKYao,2020-12-14,rural
HH_LGWtX,804cb2529bed462c9b941e7935e4e30e,804cb2529bed462c9b941e7935e4e30e,HH_LGWtX,HH_LGWtX,2020-10-08,rural
HH_ItukS,804cb2529bed462c9b941e7935e4e30e,804cb2529bed462c9b941e7935e4e30e,HH_ItukS,HH_ItukS,2021-07-21,urban
HH_Z3NC6,804cb2529bed462c9b941e7935e4e30e,804cb2529bed462c9b941e7935e4e30e,HH_Z3NC6,HH_Z3NC6,2021-06-24,urban
HH_NdsiA,804cb2529bed462c9b941e7935e4e30e,804cb2529bed462c9b941e7935e4e30e,HH_NdsiA,HH_NdsiA,2021-06-03,urban
HH_MX30j,804cb2529bed462c9b941e7935e4e30e,804cb2529bed462c9b941e7935e4e30e,HH_MX30j,HH_MX30j,2021-04-25,rural
HH_uq16t,804cb2529bed462c9b941e7935e4e30e,804cb2529bed462c9b941e7935e4e30e,HH_uq16t,HH_uq16t,2021-06-13,urban
HH_ghHUX,804cb2529bed462c9b941e7935e4e30e,804cb2529bed462c9b941e7935e4e30e,HH_ghHUX,HH_ghHUX,2020-12-08,urban
HH_aHbXQ,804cb2529bed462c9b941e7935e4e30e,804cb2529bed462c9b941e7935e4e30e,HH_aHbXQ,HH_aHbXQ,2020-10-20,rural
HH_2fXjL,804cb2529bed462c9b941e7935e4e30e,804cb2529bed462c9b941e7935e4e30e,HH_2fXjL,HH_2fXjL,2020-11-07,rural
HH_lXj7R,804cb2529bed462c9b941e7935e4e30e,804cb2529bed462c9b941e7935e4e30e,HH_lXj7R,HH_lXj7R,2020-12-13,rural
HH_CEWKv,804cb2529bed462c9b941e7935e4e30e,804cb2529bed462c9b941e7935e4e30e,HH_CEWKv,HH_CEWKv,2021-08-01,rural
HH_JHM7T,804cb2529bed462c9b941e7935e4e30e,804cb2529bed462c9b941e7935e4e30e,HH_JHM7T,HH_JHM7T,2021-05-13,rural
HH_tqfsT,804cb2529bed462c9b941e7935e4e30e,804cb2529bed462c9b941e7935e4e30e,HH_tqfsT,HH_tqfsT,2020-11-19,urban
HH_piOLz,804cb2529bed462c9b941e7935e4e30e,804cb2529bed462c9b941e7935e4e30e,HH_piOLz,HH_piOLz,2021-03-28,rural
HH_jaKHv,804cb2529bed462c9b941e7935e4e30e,804cb2529bed462c9b941e7935e4e30e,HH_jaKHv,HH_jaKHv,2021-05-14,urban
HH_9Y6mG,804cb2529bed462c9b941e7935e4e30e,804cb2529bed462c9b941e7935e4e30e,HH_9Y6mG,HH_9Y6mG,2020-09-27,urban
HH_GK46m,804cb2529bed462c9b941e7935e4e30e,804cb2529bed462c9b941e7935e4e30e,HH_GK46m,HH_GK46m,2021-08-09,rural
HH_EfNEk,804cb2529bed462c9b941e7935e4e30e,804cb2529bed462c9b941e7935e4e30e,HH_EfNEk,HH_EfNEk,2021-06-09,rural
HH_oEWgD,804cb2529bed462c9b941e7935e4e30e,804cb2529bed462c9b941e7935e4e30e,HH_oEWgD,HH_oEWgD,2021-01-07,rural
HH_oVDjE,804cb2529bed462c9b941e7935e4e30e,804cb2529bed462c9b941e7935e4e30e,HH_oVDjE,HH_oVDjE,2020-09-09,urban
HH_MnCUM,804cb2529bed462c9b941e7935e4e30e,804cb2529bed462c9b941e7935e4e30e,HH_MnCUM,HH_MnCUM,2021-05-30,urban
HH_FKtJA,804cb2529bed462c9b941e7935e4e30e,804cb2529bed462c9b941e7935e4e30e,HH_FKtJA,HH_FKtJA,2021-08-26,urban
HH_sqvCZ,804cb2529bed462c9b941e7935e4e30e,804cb2529bed462c9b941e7935e4e30e,HH_sqvCZ,HH_sqvCZ,2020-09-19,urban
HH_fn3KS,804cb2529bed462c9b941e7935e4e30e,804cb2529bed462c9b941e7935e4e30e,HH_fn3KS,HH_fn3KS,2020-11-04,rural
HH_Vbv1G,804cb2529bed462c9b941e7935e4e30e,804cb2529bed462c9b941e7935e4e30e,HH_Vbv1G,HH_Vbv1G,2021-01-23,rural
HH_8dQHq,804cb2529bed462c9b941e7935e4e30e,804cb2529bed462c9b941e7935e4e30e,HH_8dQHq,HH_8dQHq,2021-08-30,rural
HH_xWbzQ,804cb2529bed462c9b941e7935e4e30e,804cb2529bed462c9b941e7935e4e30e,HH_xWbzQ,HH_xWbzQ,2020-09-26,rural
HH_gFArZ,804cb2529bed462c9b941e7935e4e30e,804cb2529bed462c9b941e7935e4e30e,HH_gFArZ,HH_gFArZ,2021-02-04,urban
HH_e0T6j,804cb2529bed462c9b941e7935e4e30e,804cb2529bed462c9b941e7935e4e30e,HH_e0T6j,HH_e0T6j,2021-01-09,urban
HH_KwlZK,804cb2529bed462c9b941e7935e4e30e,804cb2529bed462c9b941e7935e4e30e,HH_KwlZK,HH_KwlZK,2021-04-04,urban
HH_J6oI5,804cb2529bed462c9b941e7935e4e30e,804cb2529bed462c9b941e7935e4e30e,HH_J6oI5,HH_J6oI5,2020-10-24,rural
HH_pUz5I,804cb2529bed462c9b941e7935e4e30e,804cb2529bed462c9b941e7935e4e30e,HH_pUz5I,HH_pUz5I,2021-03-16,urban
HH_SLvfu,804cb2529bed462c9b941e7935e4e30e,804cb2529bed462c9b941e7935e4e30e,HH_SLvfu,HH_SLvfu,2021-02-18,urban
HH_DePCe,804cb2529bed462c9b941e7935e4e30e,804cb2529bed462c9b941e7935e4e30e,HH_DePCe,HH_DePCe,2021-03-30,rural
HH_TjiwX,804cb2529bed462c9b941e7935e4e30e,804cb2529bed462c9b941e7935e4e30e,HH_TjiwX,HH_TjiwX,2021-04-08,rural
HH_CLpLL,804cb2529bed462c9b941e7935e4e30e,804cb2529bed462c9b941e7935e4e30e,HH_CLpLL,HH_CLpLL,2020-12-11,rural
HH_1QiuD,804cb2529bed462c9b941e7935e4e30e,804cb2529bed462c9b941e7935e4e30e,HH_1QiuD,HH_1QiuD,2020-09-18,rural
HH_7Vm76,804cb2529bed462c9b941e7935e4e30e,804cb2529bed462c9b941e7935e4e30e,HH_7Vm76,HH_7Vm76,2021-01-31,rural
HH_7To9w,804cb2529bed462c9b941e7935e4e30e,804cb2529bed462c9b941e7935e4e30e,HH_7To9w,HH_7To9w,2020-12-30,rural
HH_3UVbA,804cb2529bed462c9b941e7935e4e30e,804cb2529bed462c9b941e7935e4e30e,HH_3UVbA,HH_3UVbA,2021-06-16,urban
HH_fBCt5,804cb2529bed462c9b941e7935e4e30e,804cb2529bed462c9b941e7935e4e30e,HH_fBCt5,HH_fBCt5,2020-12-29,urban
HH_LZy7R,804cb2529bed462c9b941e7935e4e30e,804cb2529bed462c9b941e7935e4e30e,HH_LZy7R,HH_LZy7R,2021-01-24,urban
HH_7I6nr,804cb2529bed462c9b941e7935e4e30e,804cb2529bed462c9b941e7935e4e30e,HH_7I6nr,HH_7I6nr,2021-01-24,rural
HH_pA5df,804cb2529bed462c9b941e7935e4e30e,804cb2529bed462c9b941e7935e4e30e,HH_pA5df,HH_pA5df,2021-01-17,rural
HH_Vdpxe,804cb2529bed462c9b941e7935e4e30e,804cb2529bed462c9b941e7935e4e30e,HH_Vdpxe,HH_Vdpxe,2021-06-17,rural
HH_yZ6Zg,804cb2529bed462c9b941e7935e4e30e,804cb2529bed462c9b941e7935e4e30e,HH_yZ6Zg,HH_yZ6Zg,2021-07-17,urban
HH_GB3Ux,804cb2529bed462c9b941e7935e4e30e,804cb2529bed462c9b941e7935e4e30e,HH_GB3Ux,HH_GB3Ux,2021-08-10,urban
HH_deY15,804cb2529bed462c9b941e7935e4e30e,804cb2529bed462c9b941e7935e4e30e,HH_deY15,HH_deY15,2020-10-11,urban
HH_HewlW,804cb2529bed462c9b941e7935e4e30e,804cb2529bed462c9b941e7935e4e30e,HH_HewlW,HH_HewlW,2020-11-26,rural
HH_3xn93,804cb2529bed462c9b941e7935e4e30e,804cb2529bed462c9b941e7935e4e30e,HH_3xn93,HH_3xn93,2021-07-25,urban
HH_ZmKE9,804cb2529bed462c9b941e7935e4e30e,804cb2529bed462c9b941e7935e4e30e,HH_ZmKE9,HH_ZmKE9,2021-03-12,rural
HH_xSCcT,804cb2529bed462c9b941e7935e4e30e,804cb2529bed462c9b941e7935e4e30e,HH_xSCcT,HH_xSCcT,2021-01-28,rural
HH_i7QiZ,804cb2529bed462c9b941e7935e4e30e,804cb2529bed462c9b941e7935e4e30e,HH_i7QiZ,HH_i7QiZ,2020-09-26,rural
HH_YM1ij,804cb2529bed462c9b941e7935e4e30e,804cb2529bed462c9b941e7935e4e30e,HH_YM1ij,HH_YM1ij,2020-09-05,rural
HH_C81ch,804cb2529bed462c9b941e7935e4e30e,804cb2529bed462c9b941e7935e4e30e,HH_C81ch,HH_C81ch,2021-02-01,urban
HH_oNPzj,804cb2529bed462c9b941e7935e4e30e,804cb2529bed462c9b941e7935e4e30e,HH_oNPzj,HH_oNPzj,2021-04-20,rural
HH_DgXcr,804cb2529bed462c9b941e7935e4e30e,804cb2529bed462c9b941e7935e4e30e,HH_DgXcr,HH_DgXcr,2021-06-20,rural
HH_YVwiX,804cb2529bed462c9b941e7935e4e30e,804cb2529bed462c9b941e7935e4e30e,HH_YVwiX,HH_YVwiX,2021-03-18,urban
HH_RuHk3,804cb2529bed462c9b941e7935e4e30e,804cb2529bed462c9b941e7935e4e30e,HH_RuHk3,HH_RuHk3,2020-10-27,urban
HH_p9wlP,804cb2529bed462c9b941e7935e4e30e,804cb2529bed462c9b941e7935e4e30e,HH_p9wlP,HH_p9wlP,2020-12-20,urban
HH_AcSWH,804cb2529bed462c9b941e7935e4e30e,804cb2529bed462c9b941e7935e4e30e,HH_AcSWH,HH_AcSWH,2021-01-06,urban
HH_Y5A2j,804cb2529bed462c9b941e7935e4e30e,804cb2529bed462c9b941e7935e4e30e,HH_Y5A2j,HH_Y5A2j,2021-01-22,urban
HH_M6uGv,804cb2529bed462c9b941e7935e4e30e,804cb2529bed462c9b941e7935e4e30e,HH_M6uGv,HH_M6uGv,2021-05-19,urban
HH_dNHT7,804cb2529bed462c9b941e7935e4e30e,804cb2529bed462c9b941e7935e4e30e,HH_dNHT7,HH_dNHT7,2021-07-01,urban
HH_KTA4i,804cb2529bed462c9b941e7935e4e30e,804cb2529bed462c9b941e7935e4e30e,HH_KTA4i,HH_KTA4i,2021-01-06,urban
HH_aPB2m,804cb2529bed462c9b941e7935e4e30e,804cb2529bed462c9b941e7935e4e30e,HH_aPB2m,HH_aPB2m,2020-09-28,rural
HH_mn54i,804cb2529bed462c9b941e7935e4e30e,804cb2529bed462c9b941e7935e4e30e,HH_mn54i,HH_mn54i,2021-01-04,rural
HH_uxzqr,804cb2529bed462c9b941e7935e4e30e,804cb2529bed462c9b941e7935e4e30e,HH_uxzqr,HH_uxzqr,2021-03-17,rural
HH_eECsf,804cb2529bed462c9b941e7935e4e30e,804cb2529bed462c9b941e7935e4e30e,HH_eECsf,HH_eECsf,2021-05-30,rural
HH_c3oji,804cb2529bed462c9b941e7935e4e30e,804cb2529bed462c9b941e7935e4e30e,HH_c3oji,HH_c3oji,2020-09-08,urban
HH_pCTWC,804cb2529bed462c9b941e7935e4e30e,804cb2529bed462c9b941e7935e4e30e,HH_pCTWC,HH_pCTWC,2021-07-03,urban
HH_fKWBQ,804cb2529bed462c9b941e7935e4e30e,804cb2529bed462c9b941e7935e4e30e,HH_fKWBQ,HH_fKWBQ,2020-11-05,rural
HH_N8koa,804cb2529bed462c9b941e7935e4e30e,804cb2529bed462c9b941e7935e4e30e,HH_N8koa,HH_N8koa,2021-01-06,rural
HH_bA0RI,804cb2529bed462c9b941e7935e4e30e,804cb2529bed462c9b941e7935e4e30e,HH_bA0RI,HH_bA0RI,2021-03-17,urban
HH_fAjhT,804cb2529bed462c9b941e7935e4e30e,804cb2529bed462c9b941e7935e4e30e,HH_fAjhT,HH_fAjhT,2021-05-25,urban
HH_N1ft7,804cb2529bed462c9b941e7935e4e30e,804cb2529bed462c9b941e7935e4e30e,HH_N1ft7,HH_N1ft7,2021-07-16,rural
HH_ODek1,804cb2529bed462c9b941e7935e4e30e,804cb2529bed462c9b941e7935e4e30e,HH_ODek1,HH_ODek1,2021-04-18,urban
HH_Cr03k,804cb2529bed462c9b941e7935e4e30e,804cb2529bed462c9b941e7935e4e30e,HH_Cr03k,HH_Cr03k,2021-07-16,urban
HH_GgbmD,804cb2529bed462c9b941e7935e4e30e,804cb2529bed462c9b941e7935e4e30e,HH_GgbmD,HH_GgbmD,2021-02-03,rural
HH_ChQg3,804cb2529bed462c9b941e7935e4e30e,804cb2529bed462c9b941e7935e4e30e,HH_ChQg3,HH_ChQg3,2021-02-04,urban
HH_L8IOJ,804cb2529bed462c9b941e7935e4e30e,804cb2529bed462c9b941e7935e4e30e,HH_L8IOJ,HH_L8IOJ,2020-12-17,rural
HH_FiTBP,804cb2529bed462c9b941e7935e4e30e,804cb2529bed462c9b941e7935e4e30e,HH_FiTBP,HH_FiTBP,2020-11-10,urban
HH_jCs8Y,804cb2529bed462c9b941e7935e4e30e,804cb2529bed462c9b941e7935e4e30e,HH_jCs8Y,HH_jCs8Y,2020-11-03,urban
HH_uOFbq,804cb2529bed462c9b941e7935e4e30e,804cb2529bed462c9b941e7935e4e30e,HH_uOFbq,HH_uOFbq,2020-09-28,rural
HH_6L6Od,804cb2529bed462c9b941e7935e4e30e,804cb2529bed462c9b941e7935e4e30e,HH_6L6Od,HH_6L6Od,2021-03-13,rural
HH_1hwAD,804cb2529bed462c9b941e7935e4e30e,804cb2529bed462c9b941e7935e4e30e,HH_1hwAD,HH_1hwAD,2021-07-01,urban
HH_sWQBN,804cb2529bed462c9b941e7935e4e30e,804cb2529bed462c9b941e7935e4e30e,HH_sWQBN,HH_sWQBN,2020-09-23,urban
HH_r288V,804cb2529bed462c9b941e7935e4e30e,804cb2529bed462c9b941e7935e4e30e,HH_r288V,HH_r288V,2021-01-31,urban
HH_XGJV6,804cb2529bed462c9b941e7935e4e30e,804cb2529bed462c9b941e7935e4e30e,HH_XGJV6,HH_XGJV6,2021-03-19,urban
HH_oVkwT,804cb2529bed462c9b941e7935e4e30e,804cb2529bed462c9b941e7935e4e30e,HH_oVkwT,HH_oVkwT,2020-11-19,urban
HH_DQmEG,804cb2529bed462c9b941e7935e4e30e,804cb2529bed462c9b941e7935e4e30e,HH_DQmEG,HH_DQmEG,2020-12-26,urban
HH_JRa18,804cb2529bed462c9b941e7935e4e30e,804cb2529bed462c9b941e7935e4e30e,HH_JRa18,HH_JRa18,2020-12-05,urban
HH_Z1dst,804cb2529bed462c9b941e7935e4e30e,804cb2529bed462c9b941e7935e4e30e,HH_Z1dst,HH_Z1dst,2021-03-10,rural
HH_qnwxn,804cb2529bed462c9b941e7935e4e30e,804cb2529bed462c9b941e7935e4e30e,HH_qnwxn,HH_qnwxn,2021-05-27,rural
HH_4VFRJ,804cb2529bed462c9b941e7935e4e30e,804cb2529bed462c9b941e7935e4e30e,HH_4VFRJ,HH_4VFRJ,2021-01-14,rural
HH_2NNJD,804cb2529bed462c9b941e7935e4e30e,804cb2529bed462c9b941e7935e4e30e,HH_2NNJD,HH_2NNJD,2021-08-10,rural
HH_ggFxp,804cb2529bed462c9b941e7935e4e30e,804cb2529bed462c9b941e7935e4e30e,HH_ggFxp,HH_ggFxp,2020-09-30,rural
HH_nAcNQ,804cb2529bed462c9b941e7935e4e30e,804cb2529bed462c9b941e7935e4e30e,HH_nAcNQ,HH_nAcNQ,2021-04-01,rural
HH_6rQ5C,804cb2529bed462c9b941e7935e4e30e,804cb2529bed462c9b941e7935e4e30e,HH_6rQ5C,HH_6rQ5C,2020-12-26,rural
HH_jsWhg,804cb2529bed462c9b941e7935e4e30e,804cb2529bed462c9b941e7935e4e30e,HH_jsWhg,HH_jsWhg,2021-03-04,urban
HH_ALPvD,804cb2529bed462c9b941e7935e4e30e,804cb2529bed462c9b941e7935e4e30e,HH_ALPvD,HH_ALPvD,2021-06-09,urban
HH_4OEjD,804cb2529bed462c9b941e7935e4e30e,804cb2529bed462c9b941e7935e4e30e,HH_4OEjD,HH_4OEjD,2021-02-05,urban
HH_618IF,804cb2529bed462c9b941e7935e4e30e,804cb2529bed462c9b941e7935e4e30e,HH_618IF,HH_618IF,2021-02-26,urban
HH_Ya1O5,804cb2529bed462c9b941e7935e4e30e,804cb2529bed462c9b941e7935e4e30e,HH_Ya1O5,HH_Ya1O5,2021-08-04,rural
HH_YPRaN,804cb2529bed462c9b941e7935e4e30e,804cb2529bed462c9b941e7935e4e30e,HH_YPRaN,HH_YPRaN,2021-07-21,rural
HH_DD9kJ,804cb2529bed462c9b941e7935e4e30e,804cb2529bed462c9b941e7935e4e30e,HH_DD9kJ,HH_DD9kJ,2020-10-22,urban
HH_FWXIo,804cb2529bed462c9b941e7935e4e30e,804cb2529bed462c9b941e7935e4e30e,HH_FWXIo,HH_FWXIo,2020-11-17,rural
HH_6yizO,804cb2529bed462c9b941e7935e4e30e,804cb2529bed462c9b941e7935e4e30e,HH_6yizO,HH_6yizO,2021-07-22,rural
HH_NvudJ,804cb2529bed462c9b941e7935e4e30e,804cb2529bed462c9b941e7935e4e30e,HH_NvudJ,HH_NvudJ,2021-06-29,urban
HH_tL59o,804cb2529bed462c9b941e7935e4e30e,804cb2529bed462c9b941e7935e4e30e,HH_tL59o,HH_tL59o,2021-03-06,urban
HH_tRif7,804cb2529bed462c9b941e7935e4e30e,804cb2529bed462c9b941e7935e4e30e,HH_tRif7,HH_tRif7,2021-06-22,urban
HH_r8pt2,804cb2529bed462c9b941e7935e4e30e,804cb2529bed462c9b941e7935e4e30e,HH_r8pt2,HH_r8pt2,2020-12-20,rural
HH_8TYsC,804cb2529bed462c9b941e7935e4e30e,804cb2529bed462c9b941e7935e4e30e,HH_8TYsC,HH_8TYsC,2021-07-22,urban
HH_WIAVU,804cb2529bed462c9b941e7935e4e30e,804cb2529bed462c9b941e7935e4e30e,HH_WIAVU,HH_WIAVU,2020-09-23,urban
HH_UwaJN,804cb2529bed462c9b941e7935e4e30e,804cb2529bed462c9b941e7935e4e30e,HH_UwaJN,HH_UwaJN,2021-02-16,urban
HH_xHGDZ,804cb2529bed462c9b941e7935e4e30e,804cb2529bed462c9b941e7935e4e30e,HH_xHGDZ,HH_xHGDZ,2021-05-03,rural
HH_WQMjm,804cb2529bed462c9b941e7935e4e30e,804cb2529bed462c9b941e7935e4e30e,HH_WQMjm,HH_WQMjm,2020-11-13,urban
HH_roZfG,804cb2529bed462c9b941e7935e4e30e,804cb2529bed462c9b941e7935e4e30e,HH_roZfG,HH_roZfG,2021-04-06,urban
HH_IeysO,804cb2529bed462c9b941e7935e4e30e,804cb2529bed462c9b941e7935e4e30e,HH_IeysO,HH_IeysO,2021-05-26,urban
HH_yArv0,804cb2529bed462c9b941e7935e4e30e,804cb2529bed462c9b941e7935e4e30e,HH_yArv0,HH_yArv0,2021-06-16,urban
HH_xTMpl,804cb2529bed462c9b941e7935e4e30e,804cb2529bed462c9b941e7935e4e30e,HH_xTMpl,HH_xTMpl,2021-07-19,rural
HH_bLJC0,804cb2529bed462c9b941e7935e4e30e,804cb2529bed462c9b941e7935e4e30e,HH_bLJC0,HH_bLJC0,2020-11-27,rural
HH_kO2lt,804cb2529bed462c9b941e7935e4e30e,804cb2529bed462c9b941e7935e4e30e,HH_kO2lt,HH_kO2lt,2021-02-20,rural
HH_s5Bzb,804cb2529bed462c9b941e7935e4e30e,804cb2529bed462c9b941e7935e4e30e,HH_s5Bzb,HH_s5Bzb,2020-12-16,urban
HH_4WhfH,804cb2529bed462c9b941e7935e4e30e,804cb2529bed462c9b941e7935e4e30e,HH_4WhfH,HH_4WhfH,2021-07-31,rural
HH_KQwvh,804cb2529bed462c9b941e7935e4e30e,804cb2529bed462c9b941e7935e4e30e,HH_KQwvh,HH_KQwvh,2021-07-29,urban
HH_xtR9o,804cb2529bed462c9b941e7935e4e30e,804cb2529bed462c9b941e7935e4e30e,HH_xtR9o,HH_xtR9o,2021-01-16,rural
HH_vOJF9,804cb2529bed462c9b941e7935e4e30e,804cb2529bed462c9b941e7935e4e30e,HH_vOJF9,HH_vOJF9,2021-03-05,urban
HH_hc027,804cb2529bed462c9b941e7935e4e30e,804cb2529bed462c9b941e7935e4e30e,HH_hc027,HH_hc027,2021-01-23,urban
HH_J2uD9,804cb2529bed462c9b941e7935e4e30e,804cb2529bed462c9b941e7935e4e30e,HH_J2uD9,HH_J2uD9,2021-03-05,rural
HH_xsvfK,804cb2529bed462c9b941e7935e4e30e,804cb2529bed462c9b941e7935e4e30e,HH_xsvfK,HH_xsvfK,2021-08-30,rural
HH_yGRkO,804cb2529bed462c9b941e7935e4e30e,804cb2529bed462c9b941e7935e4e30e,HH_yGRkO,HH_yGRkO,2020-10-28,urban
HH_uepyi,804cb2529bed462c9b941e7935e4e30e,804cb2529bed462c9b941e7935e4e30e,HH_uepyi,HH_uepyi,2021-06-18,urban
HH_SHZif,804cb2529bed462c9b941e7935e4e30e,804cb2529bed462c9b941e7935e4e30e,HH_SHZif,HH_SHZif,2020-11-26,urban
HH_bep3o,804cb2529bed462c9b941e7935e4e30e,804cb2529bed462c9b941e7935e4e30e,HH_bep3o,HH_bep3o,2020-11-22,urban
HH_3Fs42,804cb2529bed462c9b941e7935e4e30e,804cb2529bed462c9b941e7935e4e30e,HH_3Fs42,HH_3Fs42,2021-04-22,rural
HH_Z5WZn,804cb2529bed462c9b941e7935e4e30e,804cb2529bed462c9b941e7935e4e30e,HH_Z5WZn,HH_Z5WZn,2020-09-03,urban
HH_QcAgB,804cb2529bed462c9b941e7935e4e30e,804cb2529bed462c9b941e7935e4e30e,HH_QcAgB,HH_QcAgB,2020-10-26,rural
HH_o9Nap,804cb2529bed462c9b941e7935e4e30e,804cb2529bed462c9b941e7935e4e30e,HH_o9Nap,HH_o9Nap,2021-07-08,rural
HH_2Qfzc,804cb2529bed462c9b941e7935e4e30e,804cb2529bed462c9b941e7935e4e30e,HH_2Qfzc,HH_2Qfzc,2021-03-10,urban
HH_Rk2sp,804cb2529bed462c9b941e7935e4e30e,804cb2529bed462c9b941e7935e4e30e,HH_Rk2sp,HH_Rk2sp,2021-04-28,rural
HH_cxxML,804cb2529bed462c9b941e7935e4e30e,804cb2529bed462c9b941e7935e4e30e,HH_cxxML,HH_cxxML,2021-05-17,rural
HH_fORv1,804cb2529bed462c9b941e7935e4e30e,804cb2529bed462c9b941e7935e4e30e,HH_fORv1,HH_fORv1,2021-07-03,urban
HH_fGZpu,804cb2529bed462c9b941e7935e4e30e,804cb2529bed462c9b941e7935e4e30e,HH_fGZpu,HH_fGZpu,2020-12-27,urban
HH_Cpgbe,804cb2529bed462c9b941e7935e4e30e,804cb2529bed462c9b941e7935e4e30e,HH_Cpgbe,HH_Cpgbe,2021-01-16,urban
HH_epJCs,804cb2529bed462c9b941e7935e4e30e,804cb2529bed462c9b941e7935e4e30e,HH_epJCs,HH_epJCs,2021-05-01,rural
HH_ckqoC,804cb2529bed462c9b941e7935e4e30e,804cb2529bed462c9b941e7935e4e30e,HH_ckqoC,HH_ckqoC,2020-09-13,urban
HH_iJEd2,804cb2529bed462c9b941e7935e4e30e,804cb2529bed462c9b941e7935e4e30e,HH_iJEd2,HH_iJEd2,2021-02-01,rural
HH_ytHhg,804cb2529bed462c9b941e7935e4e30e,804cb2529bed462c9b941e7935e4e30e,HH_ytHhg,HH_ytHhg,2021-05-14,rural
HH_JEJq7,804cb2529bed462c9b941e7935e4e30e,804cb2529bed462c9b941e7935e4e30e,HH_JEJq7,HH_JEJq7,2020-11-29,urban
HH_GyEk1,804cb2529bed462c9b941e7935e4e30e,804cb2529bed462c9b941e7935e4e30e,HH_GyEk1,HH_GyEk1,2020-11-30,rural
HH_omIUX,804cb2529bed462c9b941e7935e4e30e,804cb2529bed462c9b941e7935e4e30e,HH_omIUX,HH_omIUX,2021-06-09,rural
HH_r7lGO,804cb2529bed462c9b941e7935e4e30e,804cb2529bed462c9b941e7935e4e30e,HH_r7lGO,HH_r7lGO,2021-07-11,rural
HH_PKrgi,804cb2529bed462c9b941e7935e4e30e,804cb2529bed462c9b941e7935e4e30e,HH_PKrgi,HH_PKrgi,2021-04-05,rural
HH_bNdur,804cb2529bed462c9b941e7935e4e30e,804cb2529bed462c9b941e7935e4e30e,HH_bNdur,HH_bNdur,2020-11-30,urban
HH_dObtZ,804cb2529bed462c9b941e7935e4e30e,804cb2529bed462c9b941e7935e4e30e,HH_dObtZ,HH_dObtZ,2021-06-26,rural
HH_eR0Bi,804cb2529bed462c9b941e7935e4e30e,804cb2529bed462c9b941e7935e4e30e,HH_eR0Bi,HH_eR0Bi,2021-07-26,rural
HH_l5o7c,804cb2529bed462c9b941e7935e4e30e,804cb2529bed462c9b941e7935e4e30e,HH_l5o7c,HH_l5o7c,2020-12-06,urban
HH_obrUF,804cb2529bed462c9b941e7935e4e30e,804cb2529bed462c9b941e7935e4e30e,HH_obrUF,HH_obrUF,2020-10-26,urban
HH_cvEYj,804cb2529bed462c9b941e7935e4e30e,804cb2529bed462c9b941e7935e4e30e,HH_cvEYj,HH_cvEYj,2020-11-26,rural
HH_l1nDf,804cb2529bed462c9b941e7935e4e30e,804cb2529bed462c9b941e7935e4e30e,HH_l1nDf,HH_l1nDf,2021-04-06,urban
HH_xvmW8,804cb2529bed462c9b941e7935e4e30e,804cb2529bed462c9b941e7935e4e30e,HH_xvmW8,HH_xvmW8,2021-04-11,rural
HH_QQYHC,804cb2529bed462c9b941e7935e4e30e,804cb2529bed462c9b941e7935e4e30e,HH_QQYHC,HH_QQYHC,2021-05-01,rural
HH_XKxXv,804cb2529bed462c9b941e7935e4e30e,804cb2529bed462c9b941e7935e4e30e,HH_XKxXv,HH_XKxXv,2021-05-04,rural
HH_VMhuk,804cb2529bed462c9b941e7935e4e30e,804cb2529bed462c9b941e7935e4e30e,HH_VMhuk,HH_VMhuk,2021-08-12,urban
HH_HuL95,804cb2529bed462c9b941e7935e4e30e,804cb2529bed462c9b941e7935e4e30e,HH_HuL95,HH_HuL95,2021-02-27,urban
HH_9wdQK,804cb2529bed462c9b941e7935e4e30e,804cb2529bed462c9b941e7935e4e30e,HH_9wdQK,HH_9wdQK,2021-07-28,rural
HH_eYLs7,804cb2529bed462c9b941e7935e4e30e,804cb2529bed462c9b941e7935e4e30e,HH_eYLs7,HH_eYLs7,2021-03-03,urban
HH_IRb9m,804cb2529bed462c9b941e7935e4e30e,804cb2529bed462c9b941e7935e4e30e,HH_IRb9m,HH_IRb9m,2021-06-26,rural
HH_pEMiw,804cb2529bed462c9b941e7935e4e30e,804cb2529bed462c9b941e7935e4e30e,HH_pEMiw,HH_pEMiw,2020-12-03,urban
HH_qYYye,804cb2529bed462c9b941e7935e4e30e,804cb2529bed462c9b941e7935e4e30e,HH_qYYye,HH_qYYye,2021-04-15,rural
HH_1FA28,804cb2529bed462c9b941e7935e4e30e,804cb2529bed462c9b941e7935e4e30e,HH_1FA28,HH_1FA28,2021-08-23,rural
HH_bSSFX,804cb2529bed462c9b941e7935e4e30e,804cb2529bed462c9b941e7935e4e30e,HH_bSSFX,HH_bSSFX,2021-06-25,urban
HH_FpN1m,804cb2529bed462c9b941e7935e4e30e,804cb2529bed462c9b941e7935e4e30e,HH_FpN1m,HH_FpN1m,2021-05-19,rural
HH_tfRmT,804cb2529bed462c9b941e7935e4e30e,804cb2529bed462c9b941e7935e4e30e,HH_tfRmT,HH_tfRmT,2021-08-09,urban
HH_ESwzL,804cb2529bed462c9b941e7935e4e30e,804cb2529bed462c9b941e7935e4e30e,HH_ESwzL,HH_ESwzL,2021-05-09,rural
HH_zswfG,804cb2529bed462c9b941e7935e4e30e,804cb2529bed462c9b941e7935e4e30e,HH_zswfG,HH_zswfG,2021-03-14,urban
HH_lc6Gd,804cb2529bed462c9b941e7935e4e30e,804cb2529bed462c9b941e7935e4e30e,HH_lc6Gd,HH_lc6Gd,2021-06-07,urban
HH_8TA6m,804cb2529bed462c9b941e7935e4e30e,804cb2529bed462c9b941e7935e4e30e,HH_8TA6m,HH_8TA6m,2021-01-16,urban
HH_6Fnzu,804cb2529bed462c9b941e7935e4e30e,804cb2529bed462c9b941e7935e4e30e,HH_6Fnzu,HH_6Fnzu,2021-05-27,urban
HH_Uj5xB,804cb2529bed462c9b941e7935e4e30e,804cb2529bed462c9b941e7935e4e30e,HH_Uj5xB,HH_Uj5xB,2020-11-15,urban
HH_QgTtX,804cb2529bed462c9b941e7935e4e30e,804cb2529bed462c9b941e7935e4e30e,HH_QgTtX,HH_QgTtX,2021-06-20,urban
HH_re38R,804cb2529bed462c9b941e7935e4e30e,804cb2529bed462c9b941e7935e4e30e,HH_re38R,HH_re38R,2021-01-02,urban
HH_cicBh,804cb2529bed462c9b941e7935e4e30e,804cb2529bed462c9b941e7935e4e30e,HH_cicBh,HH_cicBh,2020-12-05,urban
HH_nkn2D,804cb2529bed462c9b941e7935e4e30e,804cb2529bed462c9b941e7935e4e30e,HH_nkn2D,HH_nkn2D,2021-04-28,urban
HH_mnbem,804cb2529bed462c9b941e7935e4e30e,804cb2529bed462c9b941e7935e4e30e,HH_mnbem,HH_mnbem,2021-08-23,urban
HH_8KbJa,804cb2529bed462c9b941e7935e4e30e,804cb2529bed462c9b941e7935e4e30e,HH_8KbJa,HH_8KbJa,2021-06-07,urban
HH_ltYQ5,804cb2529bed462c9b941e7935e4e30e,804cb2529bed462c9b941e7935e4e30e,HH_ltYQ5,HH_ltYQ5,2021-06-26,rural
HH_k2FVS,804cb2529bed462c9b941e7935e4e30e,804cb2529bed462c9b941e7935e4e30e,HH_k2FVS,HH_k2FVS,2021-02-04,urban
HH_rlBJs,804cb2529bed462c9b941e7935e4e30e,804cb2529bed462c9b941e7935e4e30e,HH_rlBJs,HH_rlBJs,2021-05-30,rural
HH_MBYki,804cb2529bed462c9b941e7935e4e30e,804cb2529bed462c9b941e7935e4e30e,HH_MBYki,HH_MBYki,2020-10-03,rural
HH_hd9ft,804cb2529bed462c9b941e7935e4e30e,804cb2529bed462c9b941e7935e4e30e,HH_hd9ft,HH_hd9ft,2020-10-16,urban
HH_M71p7,804cb2529bed462c9b941e7935e4e30e,804cb2529bed462c9b941e7935e4e30e,HH_M71p7,HH_M71p7,2021-02-20,urban
HH_0kWiw,804cb2529bed462c9b941e7935e4e30e,804cb2529bed462c9b941e7935e4e30e,HH_0kWiw,HH_0kWiw,2020-12-11,rural
HH_8LMmB,804cb2529bed462c9b941e7935e4e30e,804cb2529bed462c9b941e7935e4e30e,HH_8LMmB,HH_8LMmB,2020-10-21,urban
HH_OZGAv,804cb2529bed462c9b941e7935e4e30e,804cb2529bed462c9b941e7935e4e30e,HH_OZGAv,HH_OZGAv,2021-06-02,urban
HH_KnL7O,804cb2529bed462c9b941e7935e4e30e,804cb2529bed462c9b941e7935e4e30e,HH_KnL7O,HH_KnL7O,2020-12-22,rural
HH_ZCCj3,804cb2529bed462c9b941e7935e4e30e,804cb2529bed462c9b941e7935e4e30e,HH_ZCCj3,HH_ZCCj3,2021-01-16,rural
HH_QJIiL,804cb2529bed462c9b941e7935e4e30e,804cb2529bed462c9b941e7935e4e30e,HH_QJIiL,HH_QJIiL,2021-04-09,rural
HH_e3RZq,804cb2529bed462c9b941e7935e4e30e,804cb2529bed462c9b941e7935e4e30e,HH_e3RZq,HH_e3RZq,2021-07-12,urban
HH_KHGGa,804cb2529bed462c9b941e7935e4e30e,804cb2529bed462c9b941e7935e4e30e,HH_KHGGa,HH_KHGGa,2020-10-31,rural
HH_PrTtX,804cb2529bed462c9b941e7935e4e30e,804cb2529bed462c9b941e7935e4e30e,HH_PrTtX,HH_PrTtX,2021-07-28,urban
HH_i3Fuz,804cb2529bed462c9b941e7935e4e30e,804cb2529bed462c9b941e7935e4e30e,HH_i3Fuz,HH_i3Fuz,2020-09-02,rural
HH_YuWv4,804cb2529bed462c9b941e7935e4e30e,804cb2529bed462c9b941e7935e4e30e,HH_YuWv4,HH_YuWv4,2021-08-25,urban
HH_USjY8,804cb2529bed462c9b941e7935e4e30e,804cb2529bed462c9b941e7935e4e30e,HH_USjY8,HH_USjY8,2020-10-09,rural
HH_oi7ZV,804cb2529bed462c9b941e7935e4e30e,804cb2529bed462c9b941e7935e4e30e,HH_oi7ZV,HH_oi7ZV,2020-10-27,urban
HH_rj6CX,804cb2529bed462c9b941e7935e4e30e,804cb2529bed462c9b941e7935e4e30e,HH_rj6CX,HH_rj6CX,2020-11-19,urban
HH_SjT0Y,804cb2529bed462c9b941e7935e4e30e,804cb2529bed462c9b941e7935e4e30e,HH_SjT0Y,HH_SjT0Y,2021-06-07,urban
HH_uU64i,804cb2529bed462c9b941e7935e4e30e,804cb2529bed462c9b941e7935e4e30e,HH_uU64i,HH_uU64i,2021-06-19,urban
HH_8mmz7,804cb2529bed462c9b941e7935e4e30e,804cb2529bed462c9b941e7935e4e30e,HH_8mmz7,HH_8mmz7,2020-11-12,rural
HH_hwJJH,804cb2529bed462c9b941e7935e4e30e,804cb2529bed462c9b941e7935e4e30e,HH_hwJJH,HH_hwJJH,2021-07-23,urban
HH_iY7IL,804cb2529bed462c9b941e7935e4e30e,804cb2529bed462c9b941e7935e4e30e,HH_iY7IL,HH_iY7IL,2021-02-13,rural
HH_SuhdT,804cb2529bed462c9b941e7935e4e30e,804cb2529bed462c9b941e7935e4e30e,HH_SuhdT,HH_SuhdT,2021-05-08,rural
HH_oNZx1,804cb2529bed462c9b941e7935e4e30e,804cb2529bed462c9b941e7935e4e30e,HH_oNZx1,HH_oNZx1,2021-05-03,urban
HH_OcVeq,804cb2529bed462c9b941e7935e4e30e,804cb2529bed462c9b941e7935e4e30e,HH_OcVeq,HH_OcVeq,2021-04-16,urban
HH_m1A0E,804cb2529bed462c9b941e7935e4e30e,804cb2529bed462c9b941e7935e4e30e,HH_m1A0E,HH_m1A0E,2021-04-29,rural
HH_qbAGp,804cb2529bed462c9b941e7935e4e30e,804cb2529bed462c9b941e7935e4e30e,HH_qbAGp,HH_qbAGp,2020-10-19,urban
HH_iPYDI,804cb2529bed462c9b941e7935e4e30e,804cb2529bed462c9b941e7935e4e30e,HH_iPYDI,HH_iPYDI,2021-05-29,urban
HH_dXFVb,804cb2529bed462c9b941e7935e4e30e,804cb2529bed462c9b941e7935e4e30e,HH_dXFVb,HH_dXFVb,2020-12-31,rural
HH_74T2p,804cb2529bed462c9b941e7935e4e30e,804cb2529bed462c9b941e7935e4e30e,HH_74T2p,HH_74T2p,2021-06-25,urban
HH_DhTvd,804cb2529bed462c9b941e7935e4e30e,804cb2529bed462c9b941e7935e4e30e,HH_DhTvd,HH_DhTvd,2020-12-09,rural
HH_bZ8ih,804cb2529bed462c9b941e7935e4e30e,804cb2529bed462c9b941e7935e4e30e,HH_bZ8ih,HH_bZ8ih,2021-06-28,urban
HH_k4PA7,804cb2529bed462c9b941e7935e4e30e,804cb2529bed462c9b941e7935e4e30e,HH_k4PA7,HH_k4PA7,2020-10-26,urban
HH_MVbKr,804cb2529bed462c9b941e7935e4e30e,804cb2529bed462c9b941e7935e4e30e,HH_MVbKr,HH_MVbKr,2021-01-03,urban
HH_Oluc5,804cb2529bed462c9b941e7935e4e30e,804cb2529bed462c9b941e7935e4e30e,HH_Oluc5,HH_Oluc5,2020-12-29,rural
HH_qZUKk,804cb2529bed462c9b941e7935e4e30e,804cb2529bed462c9b941e7935e4e30e,HH_qZUKk,HH_qZUKk,2021-02-20,rural
HH_L9way,804cb2529bed462c9b941e7935e4e30e,804cb2529bed462c9b941e7935e4e30e,HH_L9way,HH_L9way,2020-12-02,rural
HH_k9utv,804cb2529bed462c9b941e7935e4e30e,804cb2529bed462c9b941e7935e4e30e,HH_k9utv,HH_k9utv,2021-04-23,rural
HH_uiakN,804cb2529bed462c9b941e7935e4e30e,804cb2529bed462c9b941e7935e4e30e,HH_uiakN,HH_uiakN,2021-04-14,urban
HH_akzdS,804cb2529bed462c9b941e7935e4e30e,804cb2529bed462c9b941e7935e4e30e,HH_akzdS,HH_akzdS,2021-01-02,rural
HH_X9TM7,804cb2529bed462c9b941e7935e4e30e,804cb2529bed462c9b941e7935e4e30e,HH_X9TM7,HH_X9TM7,2020-10-30,rural
HH_nMqrE,804cb2529bed462c9b941e7935e4e30e,804cb2529bed462c9b941e7935e4e30e,HH_nMqrE,HH_nMqrE,2021-03-17,rural
HH_ou8gz,804cb2529bed462c9b941e7935e4e30e,804cb2529bed462c9b941e7935e4e30e,HH_ou8gz,HH_ou8gz,2021-08-25,urban
HH_f69gg,804cb2529bed462c9b941e7935e4e30e,804cb2529bed462c9b941e7935e4e30e,HH_f69gg,HH_f69gg,2021-03-23,rural
HH_Td3qT,804cb2529bed462c9b941e7935e4e30e,804cb2529bed462c9b941e7935e4e30e,HH_Td3qT,HH_Td3qT,2020-11-17,rural
HH_KvujR,804cb2529bed462c9b941e7935e4e30e,804cb2529bed462c9b941e7935e4e30e,HH_KvujR,HH_KvujR,2021-08-19,rural
HH_dW5jh,804cb2529bed462c9b941e7935e4e30e,804cb2529bed462c9b941e7935e4e30e,HH_dW5jh,HH_dW5jh,2020-11-20,urban
HH_fBLuu,804cb2529bed462c9b941e7935e4e30e,804cb2529bed462c9b941e7935e4e30e,HH_fBLuu,HH_fBLuu,2021-07-09,rural
HH_BzDJ6,804cb2529bed462c9b941e7935e4e30e,804cb2529bed462c9b941e7935e4e30e,HH_BzDJ6,HH_BzDJ6,2021-01-08,urban
HH_hgZFJ,804cb2529bed462c9b941e7935e4e30e,804cb2529bed462c9b941e7935e4e30e,HH_hgZFJ,HH_hgZFJ,2021-04-02,urban
HH_z6mes,804cb2529bed462c9b941e7935e4e30e,804cb2529bed462c9b941e7935e4e30e,HH_z6mes,HH_z6mes,2020-09-22,urban
HH_eQud6,804cb2529bed462c9b941e7935e4e30e,804cb2529bed462c9b941e7935e4e30e,HH_eQud6,HH_eQud6,2021-01-26,rural
HH_7c2hf,804cb2529bed462c9b941e7935e4e30e,804cb2529bed462c9b941e7935e4e30e,HH_7c2hf,HH_7c2hf,2021-01-16,urban
HH_2qPL2,804cb2529bed462c9b941e7935e4e30e,804cb2529bed462c9b941e7935e4e30e,HH_2qPL2,HH_2qPL2,2021-07-11,urban
HH_pZvN2,804cb2529bed462c9b941e7935e4e30e,804cb2529bed462c9b941e7935e4e30e,HH_pZvN2,HH_pZvN2,2021-03-29,rural
HH_V3c0F,804cb2529bed462c9b941e7935e4e30e,804cb2529bed462c9b941e7935e4e30e,HH_V3c0F,HH_V3c0F,2021-01-22,rural
HH_bfUt7,804cb2529bed462c9b941e7935e4e30e,804cb2529bed462c9b941e7935e4e30e,HH_bfUt7,HH_bfUt7,2021-07-23,rural
HH_3gie6,804cb2529bed462c9b941e7935e4e30e,804cb2529bed462c9b941e7935e4e30e,HH_3gie6,HH_3gie6,2021-06-05,urban
HH_stlNc,804cb2529bed462c9b941e7935e4e30e,804cb2529bed462c9b941e7935e4e30e,HH_stlNc,HH_stlNc,2021-07-26,urban
HH_dvLad,804cb2529bed462c9b941e7935e4e30e,804cb2529bed462c9b941e7935e4e30e,HH_dvLad,HH_dvLad,2020-12-23,rural
HH_GIlZA,804cb2529bed462c9b941e7935e4e30e,804cb2529bed462c9b941e7935e4e30e,HH_GIlZA,HH_GIlZA,2021-01-05,rural
HH_ZgUcS,804cb2529bed462c9b941e7935e4e30e,804cb2529bed462c9b941e7935e4e30e,HH_ZgUcS,HH_ZgUcS,2020-11-20,rural
HH_HckTo,804cb2529bed462c9b941e7935e4e30e,804cb2529bed462c9b941e7935e4e30e,HH_HckTo,HH_HckTo,2021-05-15,urban
HH_FWYpP,804cb2529bed462c9b941e7935e4e30e,804cb2529bed462c9b941e7935e4e30e,HH_FWYpP,HH_FWYpP,2020-11-30,rural
HH_SloGf,804cb2529bed462c9b941e7935e4e30e,804cb2529bed462c9b941e7935e4e30e,HH_SloGf,HH_SloGf,2020-12-08,urban
HH_Bfk8g,804cb2529bed462c9b941e7935e4e30e,804cb2529bed462c9b941e7935e4e30e,HH_Bfk8g,HH_Bfk8g,2021-08-05,urban
HH_z8I1X,804cb2529bed462c9b941e7935e4e30e,804cb2529bed462c9b941e7935e4e30e,HH_z8I1X,HH_z8I1X,2020-10-28,rural
HH_pU2hl,804cb2529bed462c9b941e7935e4e30e,804cb2529bed462c9b941e7935e4e30e,HH_pU2hl,HH_pU2hl,2020-12-21,urban
HH_Sc9Fy,804cb2529bed462c9b941e7935e4e30e,804cb2529bed462c9b941e7935e4e30e,HH_Sc9Fy,HH_Sc9Fy,2020-10-04,urban
HH_tI2Zj,804cb2529bed462c9b941e7935e4e30e,804cb2529bed462c9b941e7935e4e30e,HH_tI2Zj,HH_tI2Zj,2021-01-29,urban
HH_b0uUq,804cb2529bed462c9b941e7935e4e30e,804cb2529bed462c9b941e7935e4e30e,HH_b0uUq,HH_b0uUq,2021-08-02,urban
HH_Corjl,804cb2529bed462c9b941e7935e4e30e,804cb2529bed462c9b941e7935e4e30e,HH_Corjl,HH_Corjl,2020-11-30,rural
HH_gD432,804cb2529bed462c9b941e7935e4e30e,804cb2529bed462c9b941e7935e4e30e,HH_gD432,HH_gD432,2020-10-06,rural
HH_HYegQ,804cb2529bed462c9b941e7935e4e30e,804cb2529bed462c9b941e7935e4e30e,HH_HYegQ,HH_HYegQ,2021-04-14,rural
HH_oLSfv,804cb2529bed462c9b941e7935e4e30e,804cb2529bed462c9b941e7935e4e30e,HH_oLSfv,HH_oLSfv,2021-02-09,urban
HH_yD3xL,804cb2529bed462c9b941e7935e4e30e,804cb2529bed462c9b941e7935e4e30e,HH_yD3xL,HH_yD3xL,2021-07-09,urban
HH_2MhsC,804cb2529bed462c9b941e7935e4e30e,804cb2529bed462c9b941e7935e4e30e,HH_2MhsC,HH_2MhsC,2021-01-15,urban
HH_2aVnV,804cb2529bed462c9b941e7935e4e30e,804cb2529bed462c9b941e7935e4e30e,HH_2aVnV,HH_2aVnV,2021-04-06,rural
HH_UYAAa,804cb2529bed462c9b941e7935e4e30e,804cb2529bed462c9b941e7935e4e30e,HH_UYAAa,HH_UYAAa,2021-07-10,rural
HH_cU4ST,804cb2529bed462c9b941e7935e4e30e,804cb2529bed462c9b941e7935e4e30e,HH_cU4ST,HH_cU4ST,2021-07-22,rural
HH_tnYlL,804cb2529bed462c9b941e7935e4e30e,804cb2529bed462c9b941e7935e4e30e,HH_tnYlL,HH_tnYlL,2021-03-30,urban
HH_Mf6w5,804cb2529bed462c9b941e7935e4e30e,804cb2529bed462c9b941e7935e4e30e,HH_Mf6w5,HH_Mf6w5,2021-06-01,rural
HH_VnqN9,804cb2529bed462c9b941e7935e4e30e,804cb2529bed462c9b941e7935e4e30e,HH_VnqN9,HH_VnqN9,2021-08-15,rural
HH_5Vm81,804cb2529bed462c9b941e7935e4e30e,804cb2529bed462c9b941e7935e4e30e,HH_5Vm81,HH_5Vm81,2021-05-03,rural
HH_mybkP,804cb2529bed462c9b941e7935e4e30e,804cb2529bed462c9b941e7935e4e30e,HH_mybkP,HH_mybkP,2020-12-18,rural
HH_nWBES,804cb2529bed462c9b941e7935e4e30e,804cb2529bed462c9b941e7935e4e30e,HH_nWBES,HH_nWBES,2020-12-10,urban
HH_i3QSo,804cb2529bed462c9b941e7935e4e30e,804cb2529bed462c9b941e7935e4e30e,HH_i3QSo,HH_i3QSo,2020-11-25,rural
HH_kj49q,804cb2529bed462c9b941e7935e4e30e,804cb2529bed462c9b941e7935e4e30e,HH_kj49q,HH_kj49q,2021-04-15,rural
HH_GMmne,804cb2529bed462c9b941e7935e4e30e,804cb2529bed462c9b941e7935e4e30e,HH_GMmne,HH_GMmne,2021-03-16,urban
HH_e5uTK,804cb2529bed462c9b941e7935e4e30e,804cb2529bed462c9b941e7935e4e30e,HH_e5uTK,HH_e5uTK,2021-08-22,urban
HH_rB3fb,804cb2529bed462c9b941e7935e4e30e,804cb2529bed462c9b941e7935e4e30e,HH_rB3fb,HH_rB3fb,2021-08-07,urban
HH_Fo5hu,804cb2529bed462c9b941e7935e4e30e,804cb2529bed462c9b941e7935e4e30e,HH_Fo5hu,HH_Fo5hu,2020-10-24,urban
HH_SOMAi,804cb2529bed462c9b941e7935e4e30e,804cb2529bed462c9b941e7935e4e30e,HH_SOMAi,HH_SOMAi,2021-01-20,urban
HH_s5ziA,804cb2529bed462c9b941e7935e4e30e,804cb2529bed462c9b941e7935e4e30e,HH_s5ziA,HH_s5ziA,2021-06-01,rural
HH_iH7r1,804cb2529bed462c9b941e7935e4e30e,804cb2529bed462c9b941e7935e4e30e,HH_iH7r1,HH_iH7r1,2021-07-11,rural
HH_baqdj,804cb2529bed462c9b941e7935e4e30e,804cb2529bed462c9b941e7935e4e30e,HH_baqdj,HH_baqdj,2020-10-30,urban
HH_fkt6p,804cb2529bed462c9b941e7935e4e30e,804cb2529bed462c9b941e7935e4e30e,HH_fkt6p,HH_fkt6p,2020-11-20,urban
HH_W8mDX,804cb2529bed462c9b941e7935e4e30e,804cb2529bed462c9b941e7935e4e30e,HH_W8mDX,HH_W8mDX,2021-08-07,urban
HH_6CXiJ,804cb2529bed462c9b941e7935e4e30e,804cb2529bed462c9b941e7935e4e30e,HH_6CXiJ,HH_6CXiJ,2021-03-15,rural
HH_xEs1a,804cb2529bed462c9b941e7935e4e30e,804cb2529bed462c9b941e7935e4e30e,HH_xEs1a,HH_xEs1a,2021-08-28,rural
HH_JDizJ,804cb2529bed462c9b941e7935e4e30e,804cb2529bed462c9b941e7935e4e30e,HH_JDizJ,HH_JDizJ,2021-08-13,rural
HH_etutB,804cb2529bed462c9b941e7935e4e30e,804cb2529bed462c9b941e7935e4e30e,HH_etutB,HH_etutB,2020-10-08,rural
HH_BBj0k,804cb2529bed462c9b941e7935e4e30e,804cb2529bed462c9b941e7935e4e30e,HH_BBj0k,HH_BBj0k,2021-07-05,urban
HH_YPPjA,804cb2529bed462c9b941e7935e4e30e,804cb2529bed462c9b941e7935e4e30e,HH_YPPjA,HH_YPPjA,2020-10-01,rural
HH_no5kz,804cb2529bed462c9b941e7935e4e30e,804cb2529bed462c9b941e7935e4e30e,HH_no5kz,HH_no5kz,2020-09-23,rural
HH_6SxvT,804cb2529bed462c9b941e7935e4e30e,804cb2529bed462c9b941e7935e4e30e,HH_6SxvT,HH_6SxvT,2020-11-20,urban
HH_KrYGf,804cb2529bed462c9b941e7935e4e30e,804cb2529bed462c9b941e7935e4e30e,HH_KrYGf,HH_KrYGf,2021-01-20,rural
HH_Jv6gP,804cb2529bed462c9b941e7935e4e30e,804cb2529bed462c9b941e7935e4e30e,HH_Jv6gP,HH_Jv6gP,2021-06-21,rural
HH_zWG5f,804cb2529bed462c9b941e7935e4e30e,804cb2529bed462c9b941e7935e4e30e,HH_zWG5f,HH_zWG5f,2020-09-27,urban
HH_nSZUq,804cb2529bed462c9b941e7935e4e30e,804cb2529bed462c9b941e7935e4e30e,HH_nSZUq,HH_nSZUq,2020-12-27,rural
HH_09SWe,804cb2529bed462c9b941e7935e4e30e,804cb2529bed462c9b941e7935e4e30e,HH_09SWe,HH_09SWe,2020-11-21,rural
HH_ORdSq,804cb2529bed462c9b941e7935e4e30e,804cb2529bed462c9b941e7935e4e30e,HH_ORdSq,HH_ORdSq,2020-10-29,rural
HH_K3dxl,804cb2529bed462c9b941e7935e4e30e,804cb2529bed462c9b941e7935e4e30e,HH_K3dxl,HH_K3dxl,2020-10-04,rural
False,804cb2529bed462c9b941e7935e4e30e,804cb2529bed462c9b941e7935e4e30e,False,False,2021-05-28,urban
