owner_id,Person Cases to be created per owner_id
6ad035a9fd784599ad9490236ec55cd1,974
2aac5f9954084b539ead0a6c4c7f5202,198
4589e374e5584bb7badddc2c22a8b184,546
48d80a3062aa4ef2935b9985ee4526a9,532
285ddbf3cefd48419ad273e743b47f9c,1692
d52459271fa24bc89bda1342174571cc,188
b9b69fee2ce24a898c8de5c8a7cee984,1616
17665018cb624233ab5f19eeca0d357b,136
9a2c3c0fab574ef8a28166092ae2e7c2,1614
8990c6862eea47d1910331c9dea4fad9,390
29f8f904b92948ad94a629a534897a7f,902
eaefe9133cad41fca6d42184bf28f993,210
83e807c2927c4ae292ca71b2ed60d1c7,1724
5f6cd922037f4aa6998d05ef45d3feb1,566
0e383cb2ef7542c9baaa9badca7de43d,1522
4ea48bd297244611ae26e172d56d4fae,1122
1b5ffde56e7f47129e81e2c5c3ab61a2,474
ca1c973427564967a65b689c80caedb3,1278
9b2bf2a6d2bc48818d3b47e88e0fcd43,568
9146bfec515644dca1f3aa987c4142dc,1352
4695cacd2d6a4d2580be523451dc9908,838
137c2116bce7476d901f138e34b1053b,992
ae90532c080d4f7b9933e792eaf0c43b,780
4f07627c5e4b469198636cf337cd84db,1802
1baaebfb7f6e4f38b5b0da756ed81fcd,1238
1e9ec3ba86084e019227bc5ee072ba2c,148
963bb04d61ce4afdb60af4588a5fcdf5,880
9c9d2604a7bf42baa476ea22a6c6ceaf,454
04ee991065ec4896b701801c71dbf813,1974
b210ddfd9e9f4f8681ada8e996c06547,1892
1edc6e6d36244a61b97be5713125c9c4,108
89dff1a1753f4831b81355e1cb4e0988,1606
882a5068b5674872a265f0f897c43b11,1518
3e74d9b61b614b7db34d3d77afc69f6e,644
85a9d5b99a95462b8cd8cafaa6c81227,442
705da41078f040008558403880beae08,870
7a1c30c59d314745ba839ca2e3730ed5,1898
544015df17f34744bf055021545448bd,680
804cb2529bed462c9b941e7935e4e30e,834
