owner_id,instance_id,status_code
ac155a91ee9d4701a92346279fc8b318 ,bf5aa451-10ba-447d-9f9b-f420edfee75e,201
ac155a91ee9d4701a92346279fc8b318 ,2d463220-f99b-42ef-bcca-4a1f080585cb,422
ac155a91ee9d4701a92346279fc8b318 ,1e2b87bc-4f73-4b06-9592-15de17ae5a94,201
ac155a91ee9d4701a92346279fc8b318 ,bc740e46-307f-4fbb-a374-c10ac329a9ca,422
ac155a91ee9d4701a92346279fc8b318 ,c1232a49-4606-4de3-a404-2b9857045ced,201
ac155a91ee9d4701a92346279fc8b318 ,9612ac74-21e2-4628-a03c-320e878b2822,201
ac155a91ee9d4701a92346279fc8b318 ,1dc00fe1-3cc0-4e61-a971-af7ad274e1b3,201
ac155a91ee9d4701a92346279fc8b318 ,b95fe85f-ea98-409f-b1ff-321262b8278d,422
ac155a91ee9d4701a92346279fc8b318 ,02250f14-a634-4367-8686-5037a83c72a1,201
ac155a91ee9d4701a92346279fc8b318 ,2aa11dd2-8086-4575-93f0-0d0e4153faab,201
