owner_id,report_potential_stockout_check,instance_id
6ad035a9fd784599ad9490236ec55cd1,yes,0f21f3d4-b979-4b77-97a5-b03a2cb6bc32
6ad035a9fd784599ad9490236ec55cd1,no,92d5b2bf-e053-4854-8594-c267f2b05bbf
6ad035a9fd784599ad9490236ec55cd1,yes,7f6e6638-7745-4934-b394-5c30486d9f60
6ad035a9fd784599ad9490236ec55cd1,no,91db2d02-7408-4642-be06-41bfe5b6fa78
6ad035a9fd784599ad9490236ec55cd1,yes,1f124bd6-4a30-44d0-90d5-9e9a68fe6d12
6ad035a9fd784599ad9490236ec55cd1,no,a089fccb-346a-4de9-a04f-0cfb5b974f44
6ad035a9fd784599ad9490236ec55cd1,yes,6073ec55-c08b-40af-a64f-3a7b5fb4a3ce
6ad035a9fd784599ad9490236ec55cd1,no,be62de33-f5f5-4a88-adfc-b3d32b2ae3fd
6ad035a9fd784599ad9490236ec55cd1,yes,4035e5bc-29aa-454d-96d6-b383907f55ea
6ad035a9fd784599ad9490236ec55cd1,no,c599a359-0adc-4bac-b850-27b7d785d112
6ad035a9fd784599ad9490236ec55cd1,yes,0539753e-2a97-4e49-be49-cff828832a18
6ad035a9fd784599ad9490236ec55cd1,yes,f2076ee1-b65f-4d3e-869f-817018546b17
6ad035a9fd784599ad9490236ec55cd1,no,9c3aa717-9386-46f7-98e4-35e83e313394
6ad035a9fd784599ad9490236ec55cd1,yes,cd2d760c-e4f4-4466-980a-0fa0b9c15253
6ad035a9fd784599ad9490236ec55cd1,yes,29fe307a-dbbe-487b-88da-182eb76f91df
6ad035a9fd784599ad9490236ec55cd1,no,f19a9e9f-74fe-4bf7-b661-b1db2cedbb73
6ad035a9fd784599ad9490236ec55cd1,no,59b20c94-5956-4d6b-9a3e-9201e05f8189
6ad035a9fd784599ad9490236ec55cd1,yes,85c60315-154f-4919-a03d-2eedaf6bfdf8
6ad035a9fd784599ad9490236ec55cd1,yes,d9d958c7-ca44-4d3f-8585-12311408b023
6ad035a9fd784599ad9490236ec55cd1,yes,fb0b8f5b-b5e8-4bf5-afc6-f2f02c9df1dc
6ad035a9fd784599ad9490236ec55cd1,yes,7ea0317e-4206-4c21-ae87-3713a9df0e58
6ad035a9fd784599ad9490236ec55cd1,yes,7c040255-0e5f-449c-921d-0b31ab18f150
6ad035a9fd784599ad9490236ec55cd1,yes,b174635e-f860-48d8-a7b7-8aecb5f10041
6ad035a9fd784599ad9490236ec55cd1,no,6f8cc705-fc1e-4e08-b102-74901ba9bafd
2aac5f9954084b539ead0a6c4c7f5202,yes,c83391aa-56f8-4a95-be26-cf29ff1918e2
2aac5f9954084b539ead0a6c4c7f5202,yes,b091d1a6-e8dc-4d07-a0bf-f7b119cab639
2aac5f9954084b539ead0a6c4c7f5202,no,915c7d8c-b3b0-4861-a856-63624907e4a3
2aac5f9954084b539ead0a6c4c7f5202,yes,3fb819a0-7d54-4efc-aabc-a561ef10be5e
2aac5f9954084b539ead0a6c4c7f5202,yes,ec64f8ad-9c18-4d88-9e0f-ba64d2302adc
2aac5f9954084b539ead0a6c4c7f5202,yes,7a85ad3c-558b-4de1-bd2a-ef86894d2504
2aac5f9954084b539ead0a6c4c7f5202,yes,f9e2d63c-5658-4a61-8369-4f388dafdac8
2aac5f9954084b539ead0a6c4c7f5202,no,c448e37e-8ee5-4262-8181-cb69defbced9
2aac5f9954084b539ead0a6c4c7f5202,yes,38226f28-880e-447d-8e63-f484b1882d9e
2aac5f9954084b539ead0a6c4c7f5202,yes,397f7b5a-4d4b-4f1b-a3eb-d5dbd0563e67
2aac5f9954084b539ead0a6c4c7f5202,yes,dfd30ad9-9a51-449a-a2d5-3f148f660b82
2aac5f9954084b539ead0a6c4c7f5202,yes,7be0edf6-ff4a-4f3c-bc9f-29891d60f1b0
2aac5f9954084b539ead0a6c4c7f5202,yes,73eb3fc1-5896-488d-a373-cd88d7281902
2aac5f9954084b539ead0a6c4c7f5202,yes,56c59155-6aff-49f2-992d-d978e5d8a838
2aac5f9954084b539ead0a6c4c7f5202,yes,ae97fd53-aa2d-4f5f-ba0c-0278e9af7a11
2aac5f9954084b539ead0a6c4c7f5202,no,ec809c5b-b2ec-4dc9-b38d-8138ece90b74
2aac5f9954084b539ead0a6c4c7f5202,yes,35de7dba-ce28-4393-981f-c8538c42cb57
2aac5f9954084b539ead0a6c4c7f5202,no,70f26d4f-ff43-4ea5-8f15-f7e8cc02472b
2aac5f9954084b539ead0a6c4c7f5202,yes,f0b62d9a-f4e6-4bb3-9aea-5b899b428cd3
2aac5f9954084b539ead0a6c4c7f5202,no,7fd5d703-c391-4d30-bee4-4f362425cebe
2aac5f9954084b539ead0a6c4c7f5202,no,6344c4ca-a5c3-4f5b-a799-bd15db8cf99f
2aac5f9954084b539ead0a6c4c7f5202,yes,71b7b55a-c867-46ee-82b1-f91678631828
2aac5f9954084b539ead0a6c4c7f5202,yes,5b4edc82-218f-4c15-b220-c60a54c92fb5
2aac5f9954084b539ead0a6c4c7f5202,yes,47ab9aa6-b3cf-48ae-9eb9-29ccd3a261f0
2aac5f9954084b539ead0a6c4c7f5202,yes,5bb78775-8b7c-49f8-9141-acb41538947d
2aac5f9954084b539ead0a6c4c7f5202,no,65ec97e1-971e-4916-94e8-e31a6eba6a3d
2aac5f9954084b539ead0a6c4c7f5202,yes,7d81d473-0af6-4ba5-a37e-965722892ee7
2aac5f9954084b539ead0a6c4c7f5202,yes,4bb7bf47-5937-4aa5-9b1c-15b21ace5963
2aac5f9954084b539ead0a6c4c7f5202,yes,e582e3ab-8b23-4b01-a961-eefaf48984c6
2aac5f9954084b539ead0a6c4c7f5202,yes,0e86e728-83b7-46b2-8556-67accb3e4dc7
2aac5f9954084b539ead0a6c4c7f5202,no,e267068d-db21-4b0c-bc53-fb2152e291bc
2aac5f9954084b539ead0a6c4c7f5202,no,78dfeb29-f6d2-413c-b066-11e7d63f2754
2aac5f9954084b539ead0a6c4c7f5202,no,fd575fd9-7e2b-4cdb-ab59-18fc2ddcea89
2aac5f9954084b539ead0a6c4c7f5202,yes,8c96bf5a-4671-4d0f-afdc-9dac58b8ca97
4589e374e5584bb7badddc2c22a8b184,yes,3567018b-85c7-4692-ba9a-fb2b33996935
4589e374e5584bb7badddc2c22a8b184,no,c56feb8e-a2ff-4399-8fbb-127e20d7cdb0
4589e374e5584bb7badddc2c22a8b184,no,7697916f-a61b-421f-b22c-c6b4cca7f72c
4589e374e5584bb7badddc2c22a8b184,no,d57fa5f8-ab00-4026-91ac-9d7d2820177f
4589e374e5584bb7badddc2c22a8b184,no,ce791c58-99d0-416f-834e-a6626985d8ee
4589e374e5584bb7badddc2c22a8b184,yes,6a64bb2b-9bf5-4516-9cf5-dd7417797294
4589e374e5584bb7badddc2c22a8b184,yes,5d68532a-0dbb-493d-8c69-da0de2543ae4
4589e374e5584bb7badddc2c22a8b184,yes,5be78a27-93c6-4d2e-8695-f8f8127b8030
4589e374e5584bb7badddc2c22a8b184,no,78e097a1-7d42-4a8a-a491-b8b7d3c8b661
4589e374e5584bb7badddc2c22a8b184,no,c79c5e1d-3612-4053-b782-c7bac84b6c89
4589e374e5584bb7badddc2c22a8b184,no,8f3b9a5b-1db6-40a4-8835-edf0fb9f3843
4589e374e5584bb7badddc2c22a8b184,yes,0642d616-fe3c-4868-8edd-0b4ea8df142a
4589e374e5584bb7badddc2c22a8b184,yes,02e3c551-3b35-4dcd-9057-509ddd93ff36
4589e374e5584bb7badddc2c22a8b184,no,03759171-56a2-479c-bdd4-e92946d517f2
4589e374e5584bb7badddc2c22a8b184,yes,9c0e48e6-24d5-4ed3-955b-de057c76c1f3
4589e374e5584bb7badddc2c22a8b184,no,358ac3b2-2422-4b08-b707-7332f0a72841
4589e374e5584bb7badddc2c22a8b184,no,1fb95009-0e20-4c14-b502-cf0e71c6c4a7
4589e374e5584bb7badddc2c22a8b184,yes,a3032d87-8916-422e-92dd-0ec113ff2a0b
4589e374e5584bb7badddc2c22a8b184,yes,ca64fb50-a8b6-4e70-9fb7-0659fd381db7
4589e374e5584bb7badddc2c22a8b184,yes,fff26834-4d3a-46c4-9976-5ad64462c292
4589e374e5584bb7badddc2c22a8b184,yes,41f649b0-0a0a-48a6-9163-c8f4740b2f00
4589e374e5584bb7badddc2c22a8b184,yes,6c1779c3-3bc0-420d-b879-ba6f97014d54
4589e374e5584bb7badddc2c22a8b184,no,eb19ddc7-6d61-4732-9320-7f5eed091e3d
4589e374e5584bb7badddc2c22a8b184,yes,5ca0e1f0-3c43-471c-9d9c-da4e20d1e4b4
4589e374e5584bb7badddc2c22a8b184,no,3619a5da-4a2a-4711-8f15-b1e8fb794487
4589e374e5584bb7badddc2c22a8b184,yes,1a3ed47c-f0e1-4098-b608-d98ed929c382
4589e374e5584bb7badddc2c22a8b184,no,809a018c-9a99-49c9-9d77-05d534e16158
4589e374e5584bb7badddc2c22a8b184,yes,03db9968-5695-4bfd-a3a3-c443df245231
4589e374e5584bb7badddc2c22a8b184,no,1186dc8f-32d7-4e69-8224-d67092af1b69
4589e374e5584bb7badddc2c22a8b184,yes,aa61096c-dc51-4b87-bef1-d008865ea57f
4589e374e5584bb7badddc2c22a8b184,yes,dde13e35-7611-4cf2-9938-f3964ce0b9ae
4589e374e5584bb7badddc2c22a8b184,no,0d615714-758a-45d6-adba-492429a4cb12
4589e374e5584bb7badddc2c22a8b184,yes,67f642e8-7ce7-40d7-967d-7a641abfc1ad
4589e374e5584bb7badddc2c22a8b184,yes,d6b67ae7-d271-46ab-85a4-60b41433a3b7
4589e374e5584bb7badddc2c22a8b184,yes,9c8ca864-fd66-43c5-92d7-2be0ef25f722
4589e374e5584bb7badddc2c22a8b184,yes,c1b9194c-ca62-46bf-949e-1c78bd9aebe9
4589e374e5584bb7badddc2c22a8b184,yes,d706ff2e-7a82-491b-91c8-dc27a4249ae2
4589e374e5584bb7badddc2c22a8b184,no,349b43ad-dcbd-413e-a291-ab6f268d7372
4589e374e5584bb7badddc2c22a8b184,no,01f40441-5cf2-4d7e-a71b-e6b36c17a829
4589e374e5584bb7badddc2c22a8b184,no,73ece3b3-719e-4773-a63f-6f60176d44f5
4589e374e5584bb7badddc2c22a8b184,yes,b9090b54-00c4-4394-bce2-b7489e4b0cf9
4589e374e5584bb7badddc2c22a8b184,yes,69ac141a-1413-49de-969e-027d0749858c
4589e374e5584bb7badddc2c22a8b184,yes,365f0a13-4366-4a65-9f79-fc61bd922d9c
4589e374e5584bb7badddc2c22a8b184,no,b8a8979d-d840-4b34-b188-c87558734a8b
4589e374e5584bb7badddc2c22a8b184,yes,ca293be8-10c4-47ea-88fe-7047449dead5
4589e374e5584bb7badddc2c22a8b184,no,4452526a-7156-4ae7-8ac3-1bb5f238c345
4589e374e5584bb7badddc2c22a8b184,no,0f2d4e56-5dda-49cd-ba86-e5c2f15ecb70
4589e374e5584bb7badddc2c22a8b184,yes,29b0634a-2b49-4cc3-9c98-3923e513a52b
48d80a3062aa4ef2935b9985ee4526a9,yes,6a41646e-6f80-41e8-8665-d8f2d0776424
48d80a3062aa4ef2935b9985ee4526a9,no,d57e2dc6-0bdc-4008-8f08-e55771e66bb1
48d80a3062aa4ef2935b9985ee4526a9,yes,b8f89ef9-1e8a-460f-9269-20e354dc9156
48d80a3062aa4ef2935b9985ee4526a9,yes,022f1919-17dd-49d9-b55d-1b3af2ffcea0
48d80a3062aa4ef2935b9985ee4526a9,yes,8663bff5-9c06-4298-b39c-a3305ee269c5
48d80a3062aa4ef2935b9985ee4526a9,no,2aea9e94-e00b-48f3-aff0-9c1b14980e49
48d80a3062aa4ef2935b9985ee4526a9,yes,b192d033-89da-4501-b94c-d29e2ff5dc8a
48d80a3062aa4ef2935b9985ee4526a9,yes,1f9bb581-2f1a-4611-8141-8af744c2702b
48d80a3062aa4ef2935b9985ee4526a9,yes,7e037839-df90-49e8-9e7d-2224b0993090
48d80a3062aa4ef2935b9985ee4526a9,yes,0db8bf2f-5392-4c70-a207-cd58e0764d23
48d80a3062aa4ef2935b9985ee4526a9,no,90aa4064-11cb-4d7f-a1f9-824e35603616
48d80a3062aa4ef2935b9985ee4526a9,yes,d2e8cfe9-3c6b-46b1-835b-1d1196d627cf
48d80a3062aa4ef2935b9985ee4526a9,yes,e6743458-6e0e-411c-9d35-3b08d4096306
48d80a3062aa4ef2935b9985ee4526a9,yes,e2b4e2f6-8efe-4675-995d-30ec380965a2
48d80a3062aa4ef2935b9985ee4526a9,yes,e0947b3c-472b-4a6e-84de-a8829b3aba91
48d80a3062aa4ef2935b9985ee4526a9,yes,c2721740-2753-4637-b48b-40a41983bde0
48d80a3062aa4ef2935b9985ee4526a9,yes,3ad42257-e599-4fe7-98b8-1396f4b4842a
48d80a3062aa4ef2935b9985ee4526a9,no,fc56b81f-f406-421c-9d40-f010204e5c55
48d80a3062aa4ef2935b9985ee4526a9,yes,57d692b7-73b0-4e63-8926-e236953ffc93
48d80a3062aa4ef2935b9985ee4526a9,yes,14e34b18-1da7-4de8-919b-8dc6745d414d
48d80a3062aa4ef2935b9985ee4526a9,no,b40c5c82-5777-46e7-b2b2-d990271e2c12
48d80a3062aa4ef2935b9985ee4526a9,no,8314bd05-11dc-4059-984e-0db80dc21bc2
48d80a3062aa4ef2935b9985ee4526a9,yes,9579343a-055b-41e3-9916-ca6b6abaf5f9
48d80a3062aa4ef2935b9985ee4526a9,no,76d7e742-64e8-4909-aa7c-6290d2dc0a3e
48d80a3062aa4ef2935b9985ee4526a9,yes,986fd4bd-00ec-4450-87a1-d2d6abbcfcc7
48d80a3062aa4ef2935b9985ee4526a9,no,34f2c0fd-118e-4b1d-b783-b633e6dd2ccb
48d80a3062aa4ef2935b9985ee4526a9,yes,eacfa425-6527-45af-9048-75b124bc73ab
48d80a3062aa4ef2935b9985ee4526a9,yes,143b91a3-79cd-4dd1-ba9c-a9a4f44eb288
48d80a3062aa4ef2935b9985ee4526a9,yes,de2b7bf9-bab2-4cc9-98b7-db4344eea330
48d80a3062aa4ef2935b9985ee4526a9,no,120d65be-c88d-4c84-8f1c-e85c1d16ac1c
48d80a3062aa4ef2935b9985ee4526a9,yes,3021feba-0336-440d-ab74-00eeb4ccbca6
48d80a3062aa4ef2935b9985ee4526a9,yes,0ba48541-b833-4b61-b74b-9ab804a4eaed
48d80a3062aa4ef2935b9985ee4526a9,no,e94ee4d9-a3e1-4e91-a976-f06550976216
48d80a3062aa4ef2935b9985ee4526a9,yes,670477c5-909a-43e6-b73c-5b208f1e3964
48d80a3062aa4ef2935b9985ee4526a9,yes,31d0f36a-fa1c-4a14-a185-87a92f3253d3
48d80a3062aa4ef2935b9985ee4526a9,no,d1e428a8-1d0b-4288-87b0-cfc01423c8db
48d80a3062aa4ef2935b9985ee4526a9,yes,1213ac9e-8410-4a65-9b40-ba20b80693ad
48d80a3062aa4ef2935b9985ee4526a9,yes,151fb0ea-f4a9-41f6-a60a-5cf3b7a15e7a
285ddbf3cefd48419ad273e743b47f9c,no,f2a0b044-fc44-421e-bd4c-9991cf3cbe65
285ddbf3cefd48419ad273e743b47f9c,yes,c2d8750d-7609-4beb-803a-b339ae7d387d
285ddbf3cefd48419ad273e743b47f9c,yes,3a770116-6fb6-4001-8c1b-5d1fdc16100d
285ddbf3cefd48419ad273e743b47f9c,yes,77ec4334-8a5d-4fc1-8dda-f9bed97dd7bf
285ddbf3cefd48419ad273e743b47f9c,yes,7d4fb16d-b44e-4251-a698-25198e6fec35
285ddbf3cefd48419ad273e743b47f9c,yes,7dbc6976-758e-44c8-ba35-b41189d62eee
285ddbf3cefd48419ad273e743b47f9c,no,cac61695-732b-4894-ba92-3c4f7502803b
285ddbf3cefd48419ad273e743b47f9c,yes,63f6a1de-f7de-4531-b58d-2afa96658724
285ddbf3cefd48419ad273e743b47f9c,yes,4512a880-8502-4e71-aad3-d6a8f3252006
285ddbf3cefd48419ad273e743b47f9c,no,0ee05d63-9571-405b-95aa-58a328361b1a
285ddbf3cefd48419ad273e743b47f9c,yes,9ac06769-f78e-45b8-ac45-62876981b659
285ddbf3cefd48419ad273e743b47f9c,yes,9812ec84-e4e2-468c-a5fa-ec431f379fe3
285ddbf3cefd48419ad273e743b47f9c,yes,7a4aa9fe-e3f9-4222-bafb-7a7e40a65a8c
285ddbf3cefd48419ad273e743b47f9c,no,21df5387-7f80-4c8e-b3f9-bb9e73255cd7
d52459271fa24bc89bda1342174571cc,yes,b979fd88-fe35-4cfb-9dc2-36727c2fbe2f
d52459271fa24bc89bda1342174571cc,yes,f3eacd30-f75b-44e8-a32b-d7eb232e032c
d52459271fa24bc89bda1342174571cc,no,d6cd882e-8410-46af-b99c-4a374000df9b
d52459271fa24bc89bda1342174571cc,yes,e7477705-ab1d-45c9-b77e-8f630ced8bc6
d52459271fa24bc89bda1342174571cc,no,45ac288a-fcb6-4507-b4d4-95c56b674e57
d52459271fa24bc89bda1342174571cc,no,53beb1b8-88ac-4d8d-aa40-a604fc21bb69
d52459271fa24bc89bda1342174571cc,yes,820f627f-4dfe-4850-ac23-802774b94ec9
d52459271fa24bc89bda1342174571cc,yes,b8c0a6a6-9503-49f0-9144-97abf5e446ef
d52459271fa24bc89bda1342174571cc,yes,82dd1a67-7680-4147-aff0-f394978eae06
d52459271fa24bc89bda1342174571cc,no,f50480bd-24f2-46bd-bd0b-b9920b2daa97
d52459271fa24bc89bda1342174571cc,no,02da0c25-1b50-4317-8cb3-4124a681693b
d52459271fa24bc89bda1342174571cc,no,e3b0567b-62ae-4d8f-8707-71ec57c9b1d7
d52459271fa24bc89bda1342174571cc,no,8c8a1fc7-f767-4f7a-8a18-735f23574cc1
d52459271fa24bc89bda1342174571cc,yes,08aaa315-48c0-4788-9ea0-fbe582de6b10
d52459271fa24bc89bda1342174571cc,yes,46c1ef7c-ba93-41b3-8676-f6fb9b44bd9f
d52459271fa24bc89bda1342174571cc,yes,d5508afb-5d68-4ee3-a602-9f31003ce815
d52459271fa24bc89bda1342174571cc,no,d322f566-65de-49c7-be7a-251ea4624d8f
d52459271fa24bc89bda1342174571cc,yes,06458ecf-e19d-4eb5-8aef-875620131e6d
d52459271fa24bc89bda1342174571cc,no,d3f9ed18-addf-429b-9296-938ea1b3e5a4
d52459271fa24bc89bda1342174571cc,yes,9ac0babd-985e-4829-9590-b51182a205f0
d52459271fa24bc89bda1342174571cc,no,fb6ad16c-9af3-4fea-b623-1191eba4f8e7
d52459271fa24bc89bda1342174571cc,yes,455c1bbf-2ff8-4300-af87-3ec1ce95879a
d52459271fa24bc89bda1342174571cc,yes,3bbbfe96-f9fa-4ce6-93f8-ac31c90063ad
d52459271fa24bc89bda1342174571cc,yes,31d125c8-6507-47d0-81fb-80ca867e600f
d52459271fa24bc89bda1342174571cc,yes,3b8e6a36-96ea-4c60-a93f-501f66deee99
d52459271fa24bc89bda1342174571cc,yes,2927d3dc-ac57-47be-ae96-13f05c08f152
d52459271fa24bc89bda1342174571cc,yes,adca3576-4408-4086-b9a9-c827a83425b5
d52459271fa24bc89bda1342174571cc,yes,049d118d-3d45-454b-877e-650cf0054c79
d52459271fa24bc89bda1342174571cc,yes,b9d9df80-f872-4f65-9b8b-83e9e1e304b5
d52459271fa24bc89bda1342174571cc,yes,f14d9e14-b3a1-4e8f-a4ae-2aff83207cf1
d52459271fa24bc89bda1342174571cc,no,c76e383f-e2bd-498e-957a-1a39ce1bf588
d52459271fa24bc89bda1342174571cc,yes,84785aef-c28a-4489-be83-c8b420b245e1
d52459271fa24bc89bda1342174571cc,no,2d21bced-3900-46ae-93f5-5f03d6dcf286
d52459271fa24bc89bda1342174571cc,no,ba5e7bbb-bd60-4a63-b922-ec208e720b61
d52459271fa24bc89bda1342174571cc,yes,1c014e25-d733-4329-b432-d1cac1fcb9aa
b9b69fee2ce24a898c8de5c8a7cee984,no,6696d501-a628-40f5-943d-a6add3807009
b9b69fee2ce24a898c8de5c8a7cee984,no,5aaed69f-194f-4be4-b7ca-a51ea491d036
b9b69fee2ce24a898c8de5c8a7cee984,no,08f0019e-fb88-4076-bcd7-590e3b8320b6
b9b69fee2ce24a898c8de5c8a7cee984,yes,474e2b32-4d91-4a19-bed5-018e0ab4a42b
b9b69fee2ce24a898c8de5c8a7cee984,yes,51190b96-dc66-4db0-a56a-722b76ea6f06
b9b69fee2ce24a898c8de5c8a7cee984,yes,8357934a-b60b-4341-bc8e-ef3cedb09632
b9b69fee2ce24a898c8de5c8a7cee984,no,b3a96f23-2e1a-4ac1-9db7-2ce012c28892
b9b69fee2ce24a898c8de5c8a7cee984,yes,230f5405-c2ab-4a3c-ba4c-5ab29b5f478e
b9b69fee2ce24a898c8de5c8a7cee984,yes,2cac4620-bd12-42a7-9435-9a8defc10230
b9b69fee2ce24a898c8de5c8a7cee984,yes,fb6fd63b-fc01-4b85-b3ee-b83752dba6a5
b9b69fee2ce24a898c8de5c8a7cee984,yes,7d434aa3-e42c-48d5-bbbe-c1efc74f6596
b9b69fee2ce24a898c8de5c8a7cee984,no,7a4c8871-aceb-4255-b343-8e5d4afd0af1
17665018cb624233ab5f19eeca0d357b,yes,f139de9f-d2f3-4aef-8034-e0c56dae7f72
17665018cb624233ab5f19eeca0d357b,yes,9fc9c485-ccb0-44c2-ae7a-422dfbfa1c30
17665018cb624233ab5f19eeca0d357b,no,b9a15c77-6884-41d5-9fd1-60be29e4f6ce
17665018cb624233ab5f19eeca0d357b,no,1826baf6-5fd8-4446-9322-06a99faa8f99
17665018cb624233ab5f19eeca0d357b,yes,f75ed76f-6293-48d9-a8c9-d89882aa65d6
17665018cb624233ab5f19eeca0d357b,yes,80b2f8ca-ce81-4a22-8322-282094532451
17665018cb624233ab5f19eeca0d357b,yes,dd95e05b-6987-43d7-bdf0-6c9332c8c848
17665018cb624233ab5f19eeca0d357b,yes,dcd3829a-7214-41dd-ba6c-59fdc90e2064
17665018cb624233ab5f19eeca0d357b,yes,c49eba01-8b7c-4d2d-87f6-ec02cad62c57
17665018cb624233ab5f19eeca0d357b,yes,9527b499-287c-4627-9a94-fc42c0bb3430
17665018cb624233ab5f19eeca0d357b,no,939ded86-9a22-4934-aa6a-25a49a067cc0
17665018cb624233ab5f19eeca0d357b,yes,9d2bbf37-aef4-4cf6-8aa8-7863c4af9ed5
17665018cb624233ab5f19eeca0d357b,yes,9e27ff9b-d7ff-4e20-be47-3882df3192e7
17665018cb624233ab5f19eeca0d357b,no,8dd9180b-6bd1-496a-a213-0c3bb4214aa4
17665018cb624233ab5f19eeca0d357b,yes,f5b50b4f-58b7-4429-b7c8-f4e4bd8f3c1b
17665018cb624233ab5f19eeca0d357b,no,0301608c-393c-4e0b-b99f-65fc2400902f
17665018cb624233ab5f19eeca0d357b,yes,da3c31b3-d489-48e7-8465-ebb06f02f127
9a2c3c0fab574ef8a28166092ae2e7c2,yes,99b8fccf-ed69-40e8-99ce-d30bd9026c6a
9a2c3c0fab574ef8a28166092ae2e7c2,no,b6711742-942b-40d1-81a1-8484662d7740
9a2c3c0fab574ef8a28166092ae2e7c2,yes,5998c8ab-90e0-476b-b618-fc75f283c28d
9a2c3c0fab574ef8a28166092ae2e7c2,no,7f38d940-2270-4a1d-909c-201f70501d34
9a2c3c0fab574ef8a28166092ae2e7c2,no,f87297a3-4b52-430b-ae88-b4f1c6e83eca
9a2c3c0fab574ef8a28166092ae2e7c2,yes,eee24c7d-e380-4c77-a6df-0bfcf92860e7
9a2c3c0fab574ef8a28166092ae2e7c2,yes,0dc7a987-0025-4546-8ea0-e86b374c5699
9a2c3c0fab574ef8a28166092ae2e7c2,yes,a6d48b19-c60d-4842-be57-1f10bf927d3b
9a2c3c0fab574ef8a28166092ae2e7c2,yes,2e8c460f-5b41-489a-b8ea-3d85cc606084
9a2c3c0fab574ef8a28166092ae2e7c2,no,010d8a6c-e408-416d-8599-12faf372bd4c
9a2c3c0fab574ef8a28166092ae2e7c2,yes,3fec8547-1eb3-4aeb-9037-b8ea75828ef0
9a2c3c0fab574ef8a28166092ae2e7c2,yes,0548fc40-ca57-41db-973c-e66f4beb9164
9a2c3c0fab574ef8a28166092ae2e7c2,no,513ff341-142f-40bd-a588-51857196ca18
8990c6862eea47d1910331c9dea4fad9,yes,17629ade-8923-45d0-b78f-d207ff51b6d3
8990c6862eea47d1910331c9dea4fad9,yes,656cfb8e-3866-47a7-9f4e-f854b1d1ba65
8990c6862eea47d1910331c9dea4fad9,yes,6c584ad0-31d8-4009-8d5c-d23bf039c089
8990c6862eea47d1910331c9dea4fad9,yes,b64583ed-60d0-4ca0-be12-c20e666792fe
8990c6862eea47d1910331c9dea4fad9,yes,1d5e113f-025d-4a67-a512-e737d25ca41b
8990c6862eea47d1910331c9dea4fad9,no,4a1c42d7-6f29-4123-ad98-9cc6de8edd07
8990c6862eea47d1910331c9dea4fad9,yes,1138fe06-2262-4f9c-8c21-b550c19e611b
8990c6862eea47d1910331c9dea4fad9,yes,ab0cbe93-7201-4f02-920a-a5ec44f7b3e2
8990c6862eea47d1910331c9dea4fad9,yes,27324f2e-e82f-41ee-9ab4-d3d97688a6ae
8990c6862eea47d1910331c9dea4fad9,yes,3aec5897-6166-4275-8228-ea0fe1bbe966
8990c6862eea47d1910331c9dea4fad9,no,650ef81d-5cf5-4e10-acc1-2cbe1f98cff0
8990c6862eea47d1910331c9dea4fad9,yes,753413f9-6dcb-41b6-8e70-c2297dfac988
8990c6862eea47d1910331c9dea4fad9,no,0ecac618-c27e-4813-9180-c409d9d969fa
8990c6862eea47d1910331c9dea4fad9,no,9098a0a5-c43e-45f3-9515-0f541c651231
8990c6862eea47d1910331c9dea4fad9,no,56a08774-abf7-487c-85f4-c1212b41cdf5
8990c6862eea47d1910331c9dea4fad9,yes,9942f5f1-c140-4dda-9ef7-f38952e3b6cd
8990c6862eea47d1910331c9dea4fad9,yes,babe6971-ad17-4e46-a91e-0bcccda016ad
8990c6862eea47d1910331c9dea4fad9,yes,01eeef18-53f7-4a85-aa56-4d05e0693795
29f8f904b92948ad94a629a534897a7f,yes,8c35fdf3-0d2f-4f68-9ec2-11f89875f29f
29f8f904b92948ad94a629a534897a7f,yes,ef6a67b1-f592-43d9-b348-87bb4efd00ae
29f8f904b92948ad94a629a534897a7f,yes,63a67db7-43a8-452a-894a-deb2e65e2770
29f8f904b92948ad94a629a534897a7f,no,5a486a85-0189-42b3-88a1-0aef2604fbc8
29f8f904b92948ad94a629a534897a7f,yes,26424a01-151a-4d39-bd21-7ab9f8bc139d
29f8f904b92948ad94a629a534897a7f,yes,f95010f0-9b38-4a86-a794-d0bdf5aebcc9
29f8f904b92948ad94a629a534897a7f,no,93c0ba6a-9afe-4b75-ae35-306fe608bf32
29f8f904b92948ad94a629a534897a7f,no,b9b72ff4-8b57-43fd-a3e6-9b9f7cdfe229
29f8f904b92948ad94a629a534897a7f,yes,79d048be-785b-4280-b0e5-fac6d745d0d6
29f8f904b92948ad94a629a534897a7f,no,7cbc3691-5073-4174-91d3-38d92878d6ce
29f8f904b92948ad94a629a534897a7f,yes,4b669772-abb7-4482-924e-89efb63ef423
29f8f904b92948ad94a629a534897a7f,yes,7fbea65e-9750-4b3a-9e69-c49de9bcde67
29f8f904b92948ad94a629a534897a7f,yes,0f4b0727-0187-4144-8636-b6da53da42e6
29f8f904b92948ad94a629a534897a7f,yes,2f314724-1ac2-47cc-b5f4-ab3e2a6362c8
29f8f904b92948ad94a629a534897a7f,no,776d06d4-ee9f-4510-b11b-5685eb83d8e6
29f8f904b92948ad94a629a534897a7f,no,1b8dbc7b-2d83-4613-9dc0-6ae99cdfd65a
29f8f904b92948ad94a629a534897a7f,yes,74e403b1-1b10-4fb5-935d-4ffab200c5b1
29f8f904b92948ad94a629a534897a7f,yes,1992f049-ba48-456e-a3d3-cd8fb0e5289d
29f8f904b92948ad94a629a534897a7f,yes,61c2c3c5-45b2-475a-a937-e99888c1aaed
29f8f904b92948ad94a629a534897a7f,yes,6fc94649-79af-4848-9912-224016d1cfb9
29f8f904b92948ad94a629a534897a7f,yes,26832b9d-c62a-4d4c-9265-0a3daeec2bfe
29f8f904b92948ad94a629a534897a7f,no,58b97fd2-b9fe-48d2-b5e8-56bedb73741d
29f8f904b92948ad94a629a534897a7f,no,19014037-86c4-464a-bb5f-4e993966ae38
29f8f904b92948ad94a629a534897a7f,yes,eaf48114-7cbc-4fc2-94f0-76c094e1ac30
eaefe9133cad41fca6d42184bf28f993,yes,5d9df618-e15f-4dc8-b323-a13dae0a7321
eaefe9133cad41fca6d42184bf28f993,yes,0302b2c4-a43a-443f-ae63-b2c1ee8d5336
eaefe9133cad41fca6d42184bf28f993,yes,a38732cf-cf17-47e3-94f7-7cfa1ea59d7c
eaefe9133cad41fca6d42184bf28f993,yes,408f02bd-f955-4c5b-aed5-720798aa67fc
eaefe9133cad41fca6d42184bf28f993,yes,e600c5a8-ebae-4936-9720-94e10efb6821
eaefe9133cad41fca6d42184bf28f993,yes,61153f5a-1993-473f-b2e5-9bdf6e1edf1c
eaefe9133cad41fca6d42184bf28f993,no,5e6e15cc-b20e-4bb0-ba57-2045d82e87a4
eaefe9133cad41fca6d42184bf28f993,no,b000ded2-48c2-45e7-bd32-720a026d0924
eaefe9133cad41fca6d42184bf28f993,yes,c307df78-b800-42ad-acd3-2ef10464d447
eaefe9133cad41fca6d42184bf28f993,yes,5a6c5033-addb-48ea-9cdc-3d120ddbc0b5
eaefe9133cad41fca6d42184bf28f993,no,ea68ec14-e016-4559-9f18-6adb555bec71
eaefe9133cad41fca6d42184bf28f993,yes,0ac3039e-e8c5-4128-9b95-fad541bd0de6
eaefe9133cad41fca6d42184bf28f993,no,1d34621e-b89f-4a68-a515-b950ca13fe36
eaefe9133cad41fca6d42184bf28f993,no,d7554d1f-aeb1-478b-b42e-08539956185c
eaefe9133cad41fca6d42184bf28f993,no,c0520d54-2dd8-4227-b19e-ab0bf25f9d7e
eaefe9133cad41fca6d42184bf28f993,yes,c639b3d5-c09b-4068-b75d-3b0a4a80e531
eaefe9133cad41fca6d42184bf28f993,no,4c7eb941-915c-499d-aa35-6f9cbf6b7792
83e807c2927c4ae292ca71b2ed60d1c7,yes,70526c8c-4796-4806-abe7-dacbfbf6b8b3
83e807c2927c4ae292ca71b2ed60d1c7,no,34ed1b9f-0916-4ddd-adbb-e169d0f36896
83e807c2927c4ae292ca71b2ed60d1c7,no,575059e6-21ae-4baf-a94a-1cec8e566143
83e807c2927c4ae292ca71b2ed60d1c7,no,0339336f-ae3f-4f2a-b1ea-c261736a622a
83e807c2927c4ae292ca71b2ed60d1c7,yes,c4606e3c-20e6-4c33-ae24-2cd5b7f747a5
83e807c2927c4ae292ca71b2ed60d1c7,no,e18d5a90-d6ad-4f8a-8915-772c11f24893
83e807c2927c4ae292ca71b2ed60d1c7,yes,3a73de84-2e29-4524-8664-103f8a7155c3
83e807c2927c4ae292ca71b2ed60d1c7,no,b5cc8853-1a55-46ff-9700-0ecd2754666d
83e807c2927c4ae292ca71b2ed60d1c7,yes,d7c9ae59-ea81-402c-a960-6f787df8b231
83e807c2927c4ae292ca71b2ed60d1c7,yes,efc21b21-2bab-4519-9f2d-70766ea71586
83e807c2927c4ae292ca71b2ed60d1c7,yes,219773e3-d0aa-4236-a95e-dd7314675484
83e807c2927c4ae292ca71b2ed60d1c7,yes,acfe6b45-cf9c-4bfe-9a7a-bbc44934d76b
83e807c2927c4ae292ca71b2ed60d1c7,yes,2012cc42-efec-4024-8b79-f3237766d451
83e807c2927c4ae292ca71b2ed60d1c7,no,36557656-3e62-46a3-963c-63e29fa18f9d
83e807c2927c4ae292ca71b2ed60d1c7,no,22bed2ee-3bbf-47e5-b285-4413856a9235
83e807c2927c4ae292ca71b2ed60d1c7,yes,eaa6bfe1-50d9-44ef-bfac-eacb9998ed58
83e807c2927c4ae292ca71b2ed60d1c7,yes,f27fa650-ce3d-405b-9198-f35617bd4dbb
83e807c2927c4ae292ca71b2ed60d1c7,yes,9effa121-4703-4808-9413-09d66ab37a88
83e807c2927c4ae292ca71b2ed60d1c7,yes,ec13d527-1e0f-4bfa-a64d-4a0a46378064
83e807c2927c4ae292ca71b2ed60d1c7,yes,29d219a9-6853-4356-b5c8-fcffd524e3d7
83e807c2927c4ae292ca71b2ed60d1c7,yes,3ab20652-204e-4503-b66a-a16487037b61
83e807c2927c4ae292ca71b2ed60d1c7,no,ecb2dfae-cdac-46f3-aa2a-8121a7f1d343
83e807c2927c4ae292ca71b2ed60d1c7,yes,e9d65299-2956-43fa-b2c7-7e55e0778e81
83e807c2927c4ae292ca71b2ed60d1c7,yes,3f1983b9-e796-4bc2-9cb4-10af7fd5e186
83e807c2927c4ae292ca71b2ed60d1c7,yes,9e04a97d-6ea3-4af1-8f60-bc7e4303ca93
83e807c2927c4ae292ca71b2ed60d1c7,no,df1a0d8a-e470-4558-bb5e-04d13c3cf8c6
83e807c2927c4ae292ca71b2ed60d1c7,no,92fbdcd0-3c62-4f98-bafd-f82972cda18a
5f6cd922037f4aa6998d05ef45d3feb1,yes,6ea1a31a-b070-4850-ba3b-b30e311f506f
5f6cd922037f4aa6998d05ef45d3feb1,yes,0b009747-3388-4216-82c8-b6bacb818966
5f6cd922037f4aa6998d05ef45d3feb1,no,fecf6eba-a18c-4551-aa68-b26b13f03e8b
5f6cd922037f4aa6998d05ef45d3feb1,yes,f74ad5d2-4f1d-442a-b697-e6545a90c52c
5f6cd922037f4aa6998d05ef45d3feb1,no,e4f28624-9ba0-4284-a232-a512173da51b
5f6cd922037f4aa6998d05ef45d3feb1,yes,4000989f-44e2-4e25-8947-0a6755b25eff
5f6cd922037f4aa6998d05ef45d3feb1,yes,f9e410d6-73ad-4dd2-bb59-6cf318f48176
5f6cd922037f4aa6998d05ef45d3feb1,yes,e167749a-d068-479b-8e7c-38e4f3ed3ac6
5f6cd922037f4aa6998d05ef45d3feb1,yes,1ef3a94c-656c-4a2b-a5e3-0e8a0b6c422a
5f6cd922037f4aa6998d05ef45d3feb1,no,354c9ba4-62f5-47c1-8c12-cc5923a7c836
5f6cd922037f4aa6998d05ef45d3feb1,no,6715124d-7723-4a97-b7de-533a2d48d482
5f6cd922037f4aa6998d05ef45d3feb1,yes,b6d43768-dc72-4e82-8585-ceb9e3ea29ec
5f6cd922037f4aa6998d05ef45d3feb1,yes,ee20b70d-1498-4aee-a298-11f99d99bc94
5f6cd922037f4aa6998d05ef45d3feb1,yes,f3e3f48a-26fc-4a06-93e7-87a177e939bb
5f6cd922037f4aa6998d05ef45d3feb1,yes,611164eb-3d65-46cb-bbdd-b041be652194
5f6cd922037f4aa6998d05ef45d3feb1,yes,2ccf2f4e-c352-40c7-9334-b9f5e6fe1034
5f6cd922037f4aa6998d05ef45d3feb1,no,2aca2eea-a07b-4fda-b589-56319af82370
0e383cb2ef7542c9baaa9badca7de43d,yes,9e38d2ca-18b7-44db-8b52-70d0a6b6da4f
0e383cb2ef7542c9baaa9badca7de43d,yes,3294b407-561a-430e-aebd-2108581b177a
0e383cb2ef7542c9baaa9badca7de43d,no,3f587f2b-6425-4e32-bffc-ecf65f0e3ca9
0e383cb2ef7542c9baaa9badca7de43d,yes,caa929e2-145f-4c32-9ac4-0dc237e141f6
0e383cb2ef7542c9baaa9badca7de43d,yes,52c6a415-36be-4987-8c0d-c389d9a93675
0e383cb2ef7542c9baaa9badca7de43d,no,c3480475-9363-4be2-945e-4079fec9a39d
0e383cb2ef7542c9baaa9badca7de43d,yes,ae61f5c0-1ac1-4f99-8811-fecff3bcc5be
0e383cb2ef7542c9baaa9badca7de43d,yes,557e0883-d8d3-44cf-9f11-5adb64e03a99
0e383cb2ef7542c9baaa9badca7de43d,yes,77a5d4d3-d72d-4adf-8afd-61350af3f575
0e383cb2ef7542c9baaa9badca7de43d,yes,891a4950-be42-493b-a86f-595fa4e1dee4
0e383cb2ef7542c9baaa9badca7de43d,yes,8a319d15-921e-49df-84c5-6c824b313b3d
0e383cb2ef7542c9baaa9badca7de43d,no,a0908402-f3c9-49d5-b03c-3b63e9cbb94f
0e383cb2ef7542c9baaa9badca7de43d,no,ef51d8d5-4086-44bc-895f-03900beb1742
0e383cb2ef7542c9baaa9badca7de43d,no,d63b50db-769f-476b-9b74-ae77098db5e3
0e383cb2ef7542c9baaa9badca7de43d,no,59c0a937-2851-4522-a3d8-dce5a0583d12
4ea48bd297244611ae26e172d56d4fae,no,b37b7626-1a1e-4625-8acf-72e846aa3ee6
4ea48bd297244611ae26e172d56d4fae,no,c6765fb3-484c-4c34-b207-c7cc07613263
4ea48bd297244611ae26e172d56d4fae,yes,5a4b530c-5873-4c56-9326-cb5ea7460b8c
4ea48bd297244611ae26e172d56d4fae,no,2e0d3f35-05f8-4341-918b-ce7110a8be81
4ea48bd297244611ae26e172d56d4fae,yes,c4e3548b-5ce5-4956-8b91-a69b6000343e
4ea48bd297244611ae26e172d56d4fae,yes,37212e2d-ead6-4a8c-98e2-6d0193867979
4ea48bd297244611ae26e172d56d4fae,no,834832bf-dcf8-4177-b618-5fc95acbec34
4ea48bd297244611ae26e172d56d4fae,yes,b6e1f1fb-fbde-46b5-aec5-61d0ccc84f1e
4ea48bd297244611ae26e172d56d4fae,yes,ae975d88-0fc0-4457-952f-37d1e0a21b5a
4ea48bd297244611ae26e172d56d4fae,no,f9fed7d1-a562-40cf-9fa5-f2ee4604097b
4ea48bd297244611ae26e172d56d4fae,yes,4381ff87-1401-4c98-a550-37b5c1e50ce4
4ea48bd297244611ae26e172d56d4fae,no,b8f17a51-6d7a-46b1-8d16-c434380a8401
4ea48bd297244611ae26e172d56d4fae,yes,bd80e11d-f35a-452a-adc9-ab73f323ecfb
4ea48bd297244611ae26e172d56d4fae,yes,2e0161ad-1ed4-49dd-9af1-87501a895e2f
4ea48bd297244611ae26e172d56d4fae,no,8354ea73-86dd-4af9-a369-911fa397a6a6
4ea48bd297244611ae26e172d56d4fae,no,094ca532-76f8-44f6-bce4-b145f933a3a0
1b5ffde56e7f47129e81e2c5c3ab61a2,yes,56128660-5300-4511-bb38-4b1ae2895222
1b5ffde56e7f47129e81e2c5c3ab61a2,no,739eaf01-ce59-42ec-be07-37aa199309bc
1b5ffde56e7f47129e81e2c5c3ab61a2,yes,cad31c73-9f54-4464-84c8-a739002869e7
1b5ffde56e7f47129e81e2c5c3ab61a2,yes,b8f2ea1c-3e2b-40cf-9dac-a3e06184e291
1b5ffde56e7f47129e81e2c5c3ab61a2,yes,e0c26bcd-322c-4f73-a7f5-637df8288521
1b5ffde56e7f47129e81e2c5c3ab61a2,no,a48167b7-abe2-4bd6-8beb-b2fc81bb3074
1b5ffde56e7f47129e81e2c5c3ab61a2,no,1b8d6741-43d3-4f70-ab94-59b7ca8fe4f5
1b5ffde56e7f47129e81e2c5c3ab61a2,yes,dbc7d097-9e46-4ed2-9881-39141448a7b3
1b5ffde56e7f47129e81e2c5c3ab61a2,no,33771a37-956e-4935-b680-f184ef14fd3c
1b5ffde56e7f47129e81e2c5c3ab61a2,yes,1daf92b1-f351-4e3a-a495-c3e576c758ff
1b5ffde56e7f47129e81e2c5c3ab61a2,no,41daeb1a-c1d3-4cdb-bf8f-25cc09df2a1a
1b5ffde56e7f47129e81e2c5c3ab61a2,no,544b4718-4fb9-426a-8b6a-da66013ec460
1b5ffde56e7f47129e81e2c5c3ab61a2,yes,9a5e2d9d-47a3-4d95-a579-1592d36ebfb6
1b5ffde56e7f47129e81e2c5c3ab61a2,no,b1cca429-d480-42c9-89c3-7243ae1656d4
1b5ffde56e7f47129e81e2c5c3ab61a2,yes,5d67b651-5ee4-4cbd-a429-b0b1efad184f
1b5ffde56e7f47129e81e2c5c3ab61a2,no,706f33b5-64d7-41ee-a649-22d807a9449f
1b5ffde56e7f47129e81e2c5c3ab61a2,no,2e074bc8-4518-4269-89fd-90f2a4c88d88
1b5ffde56e7f47129e81e2c5c3ab61a2,no,8a98745e-0730-497a-95cc-cbc9ed1ea7c8
1b5ffde56e7f47129e81e2c5c3ab61a2,no,4ddc61d7-3322-4725-ae0f-486d2bc603f7
1b5ffde56e7f47129e81e2c5c3ab61a2,no,acd1b095-cb37-4f51-a41d-9236e3acda73
1b5ffde56e7f47129e81e2c5c3ab61a2,no,5a748684-cbdd-4297-8134-373bc60b8954
1b5ffde56e7f47129e81e2c5c3ab61a2,no,340341df-5ac4-4ecb-9f44-9f03569951e1
1b5ffde56e7f47129e81e2c5c3ab61a2,no,37bbb4e2-294f-4a65-8971-324e940244f4
1b5ffde56e7f47129e81e2c5c3ab61a2,yes,2b5d8983-3887-4dd9-9dd8-2806aced9e0b
1b5ffde56e7f47129e81e2c5c3ab61a2,yes,bca67be0-6746-467a-8f28-6a92063cfb1f
1b5ffde56e7f47129e81e2c5c3ab61a2,yes,6fba7bd8-1875-4451-8f8d-629a3884e2a2
1b5ffde56e7f47129e81e2c5c3ab61a2,yes,c0f9e23b-70a8-402f-8062-9ddd14f2c19e
1b5ffde56e7f47129e81e2c5c3ab61a2,no,9fd73d8b-07d4-4a9b-a394-b801aebd62bb
1b5ffde56e7f47129e81e2c5c3ab61a2,yes,48cd592c-4505-463f-8d64-c6698e20c59d
1b5ffde56e7f47129e81e2c5c3ab61a2,no,fb76e32b-df79-4052-a6e4-4e6b2dcac812
ca1c973427564967a65b689c80caedb3,no,d2b70e60-3e4d-4bdf-96f7-b2e0d5ddeaf0
ca1c973427564967a65b689c80caedb3,yes,59a78fa6-6171-4e13-9469-28c913575e4b
ca1c973427564967a65b689c80caedb3,yes,b6b24366-9415-4824-9354-e57ad97577c9
ca1c973427564967a65b689c80caedb3,no,a07619fa-f859-4f68-bfbe-8b7f5b9864f9
ca1c973427564967a65b689c80caedb3,no,dac70f4a-77cb-4ac6-9178-a1aeef437ec6
ca1c973427564967a65b689c80caedb3,no,4f78c823-f435-4f4a-80e6-4ba38dae503e
ca1c973427564967a65b689c80caedb3,yes,53fda8b9-ee00-46b1-97d5-e788530a1387
ca1c973427564967a65b689c80caedb3,yes,fcbec49b-0996-4663-b951-d4c45d3a2e4c
ca1c973427564967a65b689c80caedb3,yes,9ece900f-4a24-434f-b0d9-255f961f61dd
ca1c973427564967a65b689c80caedb3,yes,b38b8a4f-276a-44a6-bf6f-1dda5ddb85c4
ca1c973427564967a65b689c80caedb3,no,15d50e78-0a94-4299-a81e-631d00d41c37
ca1c973427564967a65b689c80caedb3,yes,b679808b-9ab3-4770-bd5b-c3b3509f05ff
ca1c973427564967a65b689c80caedb3,yes,af557c86-8a6f-47f2-abcf-1732c16a08f7
ca1c973427564967a65b689c80caedb3,yes,ade87ade-1c2c-4beb-a786-9e8c56f6dcaa
ca1c973427564967a65b689c80caedb3,no,e3857c27-6b79-4ffc-a22e-bae4cea1b060
ca1c973427564967a65b689c80caedb3,yes,a29fd1da-be9d-4f1c-80b7-0d24811eb7a8
ca1c973427564967a65b689c80caedb3,yes,8174339f-daf4-441f-8912-960b13a88ca4
ca1c973427564967a65b689c80caedb3,yes,472c10a3-55df-45c9-9033-7fbf08767289
ca1c973427564967a65b689c80caedb3,no,10af52e2-e380-457d-bade-75fe8538131b
ca1c973427564967a65b689c80caedb3,yes,3f23a10b-05cf-4968-8161-3798073fa7a0
ca1c973427564967a65b689c80caedb3,yes,cbc3c862-aa79-4351-9e92-f2a9c14e3e30
ca1c973427564967a65b689c80caedb3,yes,fb442dd6-a1bc-4a5c-9849-7a99c07a0e5d
ca1c973427564967a65b689c80caedb3,no,11c5b4bd-4dc8-407f-8cf7-5fa4cf1dddee
ca1c973427564967a65b689c80caedb3,no,c987ec09-a492-404d-b1b6-a87f04b13243
ca1c973427564967a65b689c80caedb3,yes,c594ca4a-4f26-44c7-8148-e3102ac30604
ca1c973427564967a65b689c80caedb3,no,f3c09253-20a5-42ee-9ed9-3b7c7805495b
ca1c973427564967a65b689c80caedb3,yes,047546c5-da93-4573-ba15-895f8e2f7644
ca1c973427564967a65b689c80caedb3,yes,fb03c4c6-dbc9-4098-9dcb-74c6b0178ea5
ca1c973427564967a65b689c80caedb3,yes,f351223f-64bf-492c-bd3b-519c2d548d96
ca1c973427564967a65b689c80caedb3,yes,165ed473-61e3-427a-997c-841c09d43e80
ca1c973427564967a65b689c80caedb3,yes,d34659a0-abe5-4699-b48c-80d664ef16d5
ca1c973427564967a65b689c80caedb3,yes,bb5c954b-da99-4d51-9033-e59c77e0ebff
ca1c973427564967a65b689c80caedb3,yes,accf1b83-7a2b-437c-b3c8-2e3c467031e4
ca1c973427564967a65b689c80caedb3,yes,b1649bf3-ccf5-4071-ab66-a1b2af282767
ca1c973427564967a65b689c80caedb3,yes,5a3dae1d-7fe5-4205-9d57-905ed027c86a
ca1c973427564967a65b689c80caedb3,no,28c2c601-e4c7-413b-886f-1f8f0195327c
ca1c973427564967a65b689c80caedb3,yes,72e38acd-1bd3-4234-9ea7-a85b0862fd2e
ca1c973427564967a65b689c80caedb3,yes,5a04669a-90e7-4085-a4b0-8d2fe12f5b5d
ca1c973427564967a65b689c80caedb3,yes,a5d7eb1e-4ba2-4c22-8140-f6deb4ab7460
ca1c973427564967a65b689c80caedb3,yes,d27b88fa-a7af-4acc-af69-eefd299c0d56
ca1c973427564967a65b689c80caedb3,no,b2589621-e174-4bbb-95ab-f23dc352e2a9
ca1c973427564967a65b689c80caedb3,yes,771cd467-ffa6-4ab4-b5d8-62ed7cb2db2e
ca1c973427564967a65b689c80caedb3,yes,ab2331c3-2a96-4165-b206-6eaf16e37e00
9b2bf2a6d2bc48818d3b47e88e0fcd43,yes,4e803be3-23bb-47f3-97b0-21cf48d0a779
9b2bf2a6d2bc48818d3b47e88e0fcd43,yes,5fa38889-fcfe-47b6-9145-8c618c93631e
9b2bf2a6d2bc48818d3b47e88e0fcd43,no,c8696aa9-2a49-42d5-9f34-0b0855f6c443
9b2bf2a6d2bc48818d3b47e88e0fcd43,yes,b3e00134-9354-416d-80cc-879d4bf41377
9b2bf2a6d2bc48818d3b47e88e0fcd43,yes,f5634231-0d4d-438a-9bfa-b15708f41d98
9b2bf2a6d2bc48818d3b47e88e0fcd43,yes,3d95dc3a-ea77-427e-87c9-688ec2bbdba0
9b2bf2a6d2bc48818d3b47e88e0fcd43,yes,54c21808-f478-434b-aa09-de6942f51451
9b2bf2a6d2bc48818d3b47e88e0fcd43,yes,36d35341-2dcf-4f50-bc7a-b1496be2a835
9b2bf2a6d2bc48818d3b47e88e0fcd43,yes,dd947dca-b653-462b-9bdd-b9eadd832dae
9b2bf2a6d2bc48818d3b47e88e0fcd43,yes,e0763183-fdb9-45d6-ba61-590886a8c4f3
9b2bf2a6d2bc48818d3b47e88e0fcd43,yes,f63c8f55-1735-418f-99f9-26ef75c87d83
9b2bf2a6d2bc48818d3b47e88e0fcd43,yes,016ea434-939a-432f-b551-125f963c94ed
9b2bf2a6d2bc48818d3b47e88e0fcd43,yes,134f3ced-438d-4037-b5e6-d7a52bc39cbd
9b2bf2a6d2bc48818d3b47e88e0fcd43,no,b7b0357a-6294-4849-b33f-24b8c3def808
9b2bf2a6d2bc48818d3b47e88e0fcd43,yes,80bb7415-7977-4f4c-85fd-a96ef6ff3188
9b2bf2a6d2bc48818d3b47e88e0fcd43,no,7fe2bfa9-08dc-4630-a7a7-77f7f8191f4d
9b2bf2a6d2bc48818d3b47e88e0fcd43,yes,3f68d59d-7ce3-4df0-ac11-8c18d391df81
9b2bf2a6d2bc48818d3b47e88e0fcd43,yes,c56225b0-23df-44a7-84a5-fac3e4a0c541
9b2bf2a6d2bc48818d3b47e88e0fcd43,no,0e5342dc-ff0a-4aa2-a49b-3f163a375526
9b2bf2a6d2bc48818d3b47e88e0fcd43,yes,6c85e5f9-ba9e-4491-a14c-25dfba983ca0
9b2bf2a6d2bc48818d3b47e88e0fcd43,no,cb7033c1-bb13-4b79-b8c9-dd6d6fc67772
9b2bf2a6d2bc48818d3b47e88e0fcd43,yes,c3c26202-538e-406a-9ecd-6219edcdda32
9146bfec515644dca1f3aa987c4142dc,yes,e97e4615-b377-4965-871d-6e28aef6abb7
9146bfec515644dca1f3aa987c4142dc,yes,f5815a80-4e5a-4592-a1e8-b7922c3218b9
9146bfec515644dca1f3aa987c4142dc,yes,e70488ae-badc-41dd-a7a2-8c64d5dfbe4d
9146bfec515644dca1f3aa987c4142dc,no,714a4ec3-3f9f-46c6-8d94-255820ed1978
9146bfec515644dca1f3aa987c4142dc,yes,f0c9f90a-3cc0-44d5-8d00-6240d521e909
9146bfec515644dca1f3aa987c4142dc,yes,3c6c3622-448b-4e23-bc05-d9229753b939
9146bfec515644dca1f3aa987c4142dc,no,cdf4f6de-002e-49e5-911c-063ed4d7531e
9146bfec515644dca1f3aa987c4142dc,yes,cc92ed1f-dc9a-4dee-b0f1-f6bdb2c3862d
9146bfec515644dca1f3aa987c4142dc,no,aec6fc9e-da9c-48cc-b037-89ffe93aa828
9146bfec515644dca1f3aa987c4142dc,no,7866a17a-3d8d-47eb-8c19-10eb3ff17b6b
9146bfec515644dca1f3aa987c4142dc,no,68fc2e22-e33f-41b8-bbb3-90516425ebe2
9146bfec515644dca1f3aa987c4142dc,yes,5f7ae542-30d2-4582-8741-f1725a80d5db
9146bfec515644dca1f3aa987c4142dc,yes,a88409d9-bdd1-4250-bcb2-a4c0d710c0f5
9146bfec515644dca1f3aa987c4142dc,no,9bd2a4bd-f75c-4d11-991b-78bb6ce87f2d
9146bfec515644dca1f3aa987c4142dc,yes,46f406a6-781d-4171-b724-3bb56650240e
9146bfec515644dca1f3aa987c4142dc,yes,c5eaeaaa-0336-4994-b9bb-3e89ef5941ab
9146bfec515644dca1f3aa987c4142dc,no,5042f0f0-1676-4bb2-9dd7-93bf4bdcb220
9146bfec515644dca1f3aa987c4142dc,yes,5fa06407-0997-41a3-a773-9239b40c56cc
9146bfec515644dca1f3aa987c4142dc,yes,86028c12-b16a-4ef1-9bb5-e99a26d6a159
9146bfec515644dca1f3aa987c4142dc,no,39e90a54-de25-4f1b-9dd9-f830fc841dc8
9146bfec515644dca1f3aa987c4142dc,no,c1dd3241-67a2-43ef-9526-3a1c42cb23f3
9146bfec515644dca1f3aa987c4142dc,yes,8ace31f1-7587-4e35-a615-4c95f8dd8bc2
9146bfec515644dca1f3aa987c4142dc,yes,93a21841-3e0a-4838-bd27-0ed1def4e207
4695cacd2d6a4d2580be523451dc9908,yes,49ab5461-23e0-4c23-80b4-6a59aab7b177
4695cacd2d6a4d2580be523451dc9908,yes,1b059fb8-898c-4449-a598-39b8d6d71836
4695cacd2d6a4d2580be523451dc9908,yes,51154e05-2444-4552-bd52-f664852167e4
4695cacd2d6a4d2580be523451dc9908,yes,9518e4de-c291-4e79-a307-93cbeb55ecc2
4695cacd2d6a4d2580be523451dc9908,yes,5bd40d6c-530e-4a51-bdeb-2a32253f9bb8
4695cacd2d6a4d2580be523451dc9908,no,edeedcd1-f447-49c3-8f55-e5059e55fe91
4695cacd2d6a4d2580be523451dc9908,no,cf851319-fe8b-4ff8-b695-eae9db438988
4695cacd2d6a4d2580be523451dc9908,yes,bb7edca8-3cd5-4900-90b7-f46bc41356f4
4695cacd2d6a4d2580be523451dc9908,yes,976d9365-c80e-4fb6-a930-7e6b857fc7b7
4695cacd2d6a4d2580be523451dc9908,yes,4f23d357-f508-42ab-b26f-5b2c96dc56c6
4695cacd2d6a4d2580be523451dc9908,no,13faa6f2-2ba1-4c99-8c9c-4090cd52f292
4695cacd2d6a4d2580be523451dc9908,no,4989fa99-9db1-4ee0-a2f6-60b163810686
4695cacd2d6a4d2580be523451dc9908,no,ea2f7e91-056f-49e6-ae72-33a1ec0c3727
4695cacd2d6a4d2580be523451dc9908,no,e900252b-415f-4e80-893c-63436e2395b0
4695cacd2d6a4d2580be523451dc9908,yes,c4d798b2-d331-4325-8229-06efa5492808
4695cacd2d6a4d2580be523451dc9908,no,21a8ebb4-c76a-42a3-9924-169402e22572
4695cacd2d6a4d2580be523451dc9908,yes,c7b4e99d-1fd3-41f3-944b-c2ad2165d0b2
4695cacd2d6a4d2580be523451dc9908,no,22a50fae-1545-4f48-96b6-b5f7263cf9ac
4695cacd2d6a4d2580be523451dc9908,yes,fbf493d9-9ec1-4721-9f27-58c4fabfef31
4695cacd2d6a4d2580be523451dc9908,yes,7cd63546-cbe6-4bea-b77a-b7e565a7a146
4695cacd2d6a4d2580be523451dc9908,yes,6849b048-ef97-49c6-a9cd-112586dee8d8
4695cacd2d6a4d2580be523451dc9908,yes,9ecf0c21-02d0-44c8-827d-10bd4d6c89f0
4695cacd2d6a4d2580be523451dc9908,yes,0bd6e71f-10a6-4e5c-af42-31869b8142d8
4695cacd2d6a4d2580be523451dc9908,yes,c0b08928-e47b-4d2d-8de2-22645ddc5633
4695cacd2d6a4d2580be523451dc9908,yes,0fc696c4-1561-4e89-9973-fe02db241058
4695cacd2d6a4d2580be523451dc9908,yes,7f327177-f405-46ee-bf97-06e16eb915d7
4695cacd2d6a4d2580be523451dc9908,yes,8cf77ce2-4874-4a62-b56b-082a20c0067d
4695cacd2d6a4d2580be523451dc9908,yes,53ea98a8-1e25-45dd-84be-c80b82ebf576
4695cacd2d6a4d2580be523451dc9908,yes,571cddd1-8146-45c9-99e7-2f8ae794bb76
4695cacd2d6a4d2580be523451dc9908,no,b6984e06-ecab-41a0-8bfa-e6693b4bfd61
137c2116bce7476d901f138e34b1053b,yes,284dc554-cfe8-4049-ae94-627e0a190f48
137c2116bce7476d901f138e34b1053b,yes,152d273f-c2df-44b1-b2f4-7891b393e018
137c2116bce7476d901f138e34b1053b,yes,27ded9fc-ee00-4159-8bbb-cc906c0b1c06
137c2116bce7476d901f138e34b1053b,no,35f38cd2-3b19-407c-89a1-3171a62ede42
137c2116bce7476d901f138e34b1053b,yes,24610595-eb3d-4d39-80d5-39dbda6e9bd0
137c2116bce7476d901f138e34b1053b,yes,c9f6ec02-0ef8-4ce7-bdc1-20c873066c39
137c2116bce7476d901f138e34b1053b,no,5b6a12e4-6c63-4218-83c5-481c02b6778d
137c2116bce7476d901f138e34b1053b,yes,c130c5b7-e7d1-4e63-8fd4-4be56fea0f67
137c2116bce7476d901f138e34b1053b,yes,a9cc11b2-32d2-47ef-8b4f-1ca4b64d573f
137c2116bce7476d901f138e34b1053b,yes,4e2014f7-0986-4cb3-8916-20b47106636a
137c2116bce7476d901f138e34b1053b,yes,f1d0b817-eba0-4c71-a3fa-4ec2d4cf1fb4
137c2116bce7476d901f138e34b1053b,yes,09960d5a-35cf-455f-8a4a-b105c632f72b
137c2116bce7476d901f138e34b1053b,yes,59e0bf81-86fd-43b9-a485-a1644e4bf3bc
137c2116bce7476d901f138e34b1053b,yes,b94655b3-6602-41e1-af83-ca1286ac5fd6
137c2116bce7476d901f138e34b1053b,no,e8f83515-5d7e-4857-8374-edd70fc60f29
137c2116bce7476d901f138e34b1053b,yes,ac5c6b0d-e2de-440f-b064-be03aa755846
137c2116bce7476d901f138e34b1053b,yes,2d33d75a-7fc0-4067-9d3b-194cea8c25cf
137c2116bce7476d901f138e34b1053b,yes,b72ed981-bcc9-4794-9848-c42c35ce513c
137c2116bce7476d901f138e34b1053b,yes,9d3367dc-b691-4746-8849-c4a00494df66
137c2116bce7476d901f138e34b1053b,yes,fdeabeed-5298-4ded-bc60-7766c6086f6c
137c2116bce7476d901f138e34b1053b,yes,f2019f1e-35b3-4e67-9821-6837301c8161
ae90532c080d4f7b9933e792eaf0c43b,yes,87c4b6cb-a0c8-41b0-ae36-a7651bba0e66
ae90532c080d4f7b9933e792eaf0c43b,no,88fbfb6f-d5b7-4844-8c88-6cacfc4c92a4
ae90532c080d4f7b9933e792eaf0c43b,yes,dded5ea1-e983-45d7-9df5-f83851ecd908
ae90532c080d4f7b9933e792eaf0c43b,yes,bd8df425-0235-4705-9c0c-18259a5670fe
ae90532c080d4f7b9933e792eaf0c43b,yes,b0de2d8b-c2bf-4509-919e-de36fca98db2
ae90532c080d4f7b9933e792eaf0c43b,yes,ad7d43af-4ce5-4936-ab5f-9f92c6f13e5b
ae90532c080d4f7b9933e792eaf0c43b,no,1d81e1a0-a37d-4cfc-aeac-e2349f4d2ffc
ae90532c080d4f7b9933e792eaf0c43b,yes,dc826776-f645-46d7-a48c-1e47e3349e6f
ae90532c080d4f7b9933e792eaf0c43b,no,4f00d23b-8cc0-442b-82f8-bac3cd76cc89
ae90532c080d4f7b9933e792eaf0c43b,yes,7ac42d1c-9190-4bf6-838f-a06afe6ff6c6
ae90532c080d4f7b9933e792eaf0c43b,no,86450d42-a1ed-4713-8737-56988a00df77
ae90532c080d4f7b9933e792eaf0c43b,no,8b5181c4-6b9c-4a6c-8373-f7c9f0fa7a14
ae90532c080d4f7b9933e792eaf0c43b,yes,d17bb549-ceb7-40d8-a47e-01c6328a3683
ae90532c080d4f7b9933e792eaf0c43b,yes,fb556003-df9a-4fba-905d-54529e5efbd6
ae90532c080d4f7b9933e792eaf0c43b,no,4a4a3621-a17e-490e-b745-1c13064d7357
ae90532c080d4f7b9933e792eaf0c43b,yes,ce03a7e4-e166-4f92-aa5d-63b375bccbad
ae90532c080d4f7b9933e792eaf0c43b,yes,6b1dfb85-59d9-4f4a-bf77-937f3aea1d06
ae90532c080d4f7b9933e792eaf0c43b,no,8706d719-cffa-4d2d-a082-bc0b13247814
ae90532c080d4f7b9933e792eaf0c43b,yes,33e89a07-35e3-4d71-9a98-a8a4c00977d2
ae90532c080d4f7b9933e792eaf0c43b,yes,c36c4305-f799-4feb-9ec4-77e977040315
4f07627c5e4b469198636cf337cd84db,no,be1068f4-1737-4214-a027-e072da6b63ad
4f07627c5e4b469198636cf337cd84db,yes,e33f319e-4be3-41eb-abaa-95afd9b6a10c
4f07627c5e4b469198636cf337cd84db,yes,0c63c96f-b19e-4c9c-af59-7ce23e0877c8
4f07627c5e4b469198636cf337cd84db,yes,1a82c889-4a84-4f57-bdd1-2a6086814b09
4f07627c5e4b469198636cf337cd84db,no,eece2fcd-bcef-42e3-97b2-c8562413c819
4f07627c5e4b469198636cf337cd84db,yes,31f9dbf2-c0a6-49e2-bfe1-0c4dc476947a
4f07627c5e4b469198636cf337cd84db,no,8d65eb74-1be0-4296-8797-aae87f207e62
4f07627c5e4b469198636cf337cd84db,yes,2888b21d-92aa-4c01-ae97-d248ec5a5df0
4f07627c5e4b469198636cf337cd84db,no,2bc5e76d-992d-44ca-bf10-3e9132ee31a3
4f07627c5e4b469198636cf337cd84db,no,958ef8ea-a38c-425a-81e1-4970e4748b26
4f07627c5e4b469198636cf337cd84db,no,8a5afb0d-8f7b-4f70-be92-bfabd4f49f9c
4f07627c5e4b469198636cf337cd84db,no,1090e5ca-853b-4f0b-bcda-7a52b8e9b9d5
4f07627c5e4b469198636cf337cd84db,no,59fe557d-c9cb-49cd-af4b-99db14241d3b
4f07627c5e4b469198636cf337cd84db,yes,a14a94e0-0ddf-4adc-b4fc-d35853d6ca01
4f07627c5e4b469198636cf337cd84db,yes,5aa96ce8-e369-42d4-8ba5-04cf6407a471
4f07627c5e4b469198636cf337cd84db,no,87b526d5-e1a6-45eb-8976-a8e087a22188
4f07627c5e4b469198636cf337cd84db,yes,ed17332e-f0c9-4a9a-a5f2-28ac9e00a431
4f07627c5e4b469198636cf337cd84db,yes,1287f88b-ec46-4328-bc70-f62f94f3b9f3
4f07627c5e4b469198636cf337cd84db,yes,57527644-c48f-4ab7-8097-f2d7643f4b82
4f07627c5e4b469198636cf337cd84db,no,20f22e94-5363-4cad-b45c-b9867eb22cf4
4f07627c5e4b469198636cf337cd84db,yes,d697b3e6-424f-4c7f-9fcf-e01f81fae98e
4f07627c5e4b469198636cf337cd84db,yes,9eb2d76a-32c8-43a7-b807-9030432c7f6a
4f07627c5e4b469198636cf337cd84db,no,265fdb77-2a8b-4ca8-a3b1-bb3c90097277
4f07627c5e4b469198636cf337cd84db,no,3a9aa638-a9b1-4083-99ea-d381ea50bd5c
4f07627c5e4b469198636cf337cd84db,yes,4a710c17-9b12-43db-83b8-d02b89a48a2b
4f07627c5e4b469198636cf337cd84db,yes,271c407a-a6dc-4895-a8ad-05edf035a080
4f07627c5e4b469198636cf337cd84db,no,d773e92c-3309-47ca-b94b-5d09830c9f12
4f07627c5e4b469198636cf337cd84db,no,638652c5-37b1-41fd-be6e-95a849f7ff45
4f07627c5e4b469198636cf337cd84db,no,6596fef9-743f-438c-87de-b1901f754762
4f07627c5e4b469198636cf337cd84db,yes,2ce6698a-f3dc-4f60-b38c-5c8c032da793
4f07627c5e4b469198636cf337cd84db,yes,9b81e3c7-ec40-49f8-8a95-1ba70c80b368
4f07627c5e4b469198636cf337cd84db,yes,2442c7b4-c72d-4b27-b794-51bcbd5f934a
4f07627c5e4b469198636cf337cd84db,yes,f7029717-5aa5-4f66-a96f-9ebd34f86903
4f07627c5e4b469198636cf337cd84db,no,2e5b138e-d7ed-4e7a-a5da-8899b5cbe6a5
4f07627c5e4b469198636cf337cd84db,no,038f63bd-785b-488b-bc71-7f8b1500a57e
4f07627c5e4b469198636cf337cd84db,yes,dd48cb96-ddfa-45f0-8181-4699256e647d
4f07627c5e4b469198636cf337cd84db,yes,f50cc8de-017c-410b-b848-64b9fb222863
4f07627c5e4b469198636cf337cd84db,no,d3d0e968-8381-431b-81b6-379e3a8c9b9e
4f07627c5e4b469198636cf337cd84db,yes,c9c8df12-f0bb-49b1-90ab-c2e3e5f2d866
4f07627c5e4b469198636cf337cd84db,yes,9db2c823-1d7e-4dd8-9b73-69baabe9d880
4f07627c5e4b469198636cf337cd84db,yes,edc2bfcc-2a53-46d0-a775-1b4378794fca
4f07627c5e4b469198636cf337cd84db,no,28b0bd3f-6fab-4150-aba5-d3e3b4ed11de
4f07627c5e4b469198636cf337cd84db,no,2954088e-e22a-44c3-994c-f4ad7e9b9e8e
4f07627c5e4b469198636cf337cd84db,no,1a030f5a-31ff-476a-88ac-23d6083a8978
4f07627c5e4b469198636cf337cd84db,yes,511b69eb-0128-498f-bc88-448cc8e44f63
4f07627c5e4b469198636cf337cd84db,yes,125ea880-6e5b-4b1d-a686-4ddfc3eab3b6
4f07627c5e4b469198636cf337cd84db,yes,5106982e-1542-404f-9604-3db64f56f6b5
4f07627c5e4b469198636cf337cd84db,yes,0c06cf57-2400-45d8-8c58-941a780e1fec
4f07627c5e4b469198636cf337cd84db,yes,e87477f7-f973-4a6f-9b7a-b73f7f0cea46
1baaebfb7f6e4f38b5b0da756ed81fcd,yes,3bf7f733-6922-420e-81ec-8751f4e00a83
1baaebfb7f6e4f38b5b0da756ed81fcd,no,3468e70a-3c32-414a-b130-8c62fc1ebd14
1baaebfb7f6e4f38b5b0da756ed81fcd,yes,e1f21d05-07bd-4f90-aced-4a0d7e226da0
1baaebfb7f6e4f38b5b0da756ed81fcd,yes,bfd3895a-fc4f-4ef3-88df-54a4580fb55c
1baaebfb7f6e4f38b5b0da756ed81fcd,yes,d1c6f072-8e5b-4f74-82e3-242ba55a0eec
1baaebfb7f6e4f38b5b0da756ed81fcd,no,99b8af22-a75f-4492-a124-98b05d05f44a
1baaebfb7f6e4f38b5b0da756ed81fcd,no,1202fed0-92b2-4f3a-89f9-9f2331cf1e7f
1baaebfb7f6e4f38b5b0da756ed81fcd,no,e64b024a-b23d-4017-996f-c21c00c566f2
1baaebfb7f6e4f38b5b0da756ed81fcd,yes,76b40221-4058-4952-bf2d-c2302ddea3bd
1baaebfb7f6e4f38b5b0da756ed81fcd,yes,d4ad6c92-600c-4424-b26a-64e8d53c1970
1baaebfb7f6e4f38b5b0da756ed81fcd,yes,8e088df8-b6d3-492c-9399-a32347a7f430
1baaebfb7f6e4f38b5b0da756ed81fcd,yes,0fd219ae-33e4-45a8-bc8d-3fbaf3e47dd5
1baaebfb7f6e4f38b5b0da756ed81fcd,no,22c4006a-e041-48f2-88a1-f6eaa35f9866
1e9ec3ba86084e019227bc5ee072ba2c,no,566c03db-5f5b-4db1-9b41-35e330fd72ae
1e9ec3ba86084e019227bc5ee072ba2c,no,f5932200-978b-47bf-ac9d-c4a888227220
1e9ec3ba86084e019227bc5ee072ba2c,yes,30802d5e-9feb-4db8-8983-ababb3d92d78
1e9ec3ba86084e019227bc5ee072ba2c,yes,56d48521-312b-4241-91e2-999c4a74a501
1e9ec3ba86084e019227bc5ee072ba2c,yes,5e65a6c4-55f3-4bfd-8c3d-6a4dad2ad545
1e9ec3ba86084e019227bc5ee072ba2c,no,a3956007-f160-4af6-b328-fb80a8174709
1e9ec3ba86084e019227bc5ee072ba2c,yes,e71bff28-6bbc-4848-9cd1-36a98e51ae6b
1e9ec3ba86084e019227bc5ee072ba2c,yes,043771a9-133f-4a93-a6dd-24bd0e8740c6
1e9ec3ba86084e019227bc5ee072ba2c,no,9ab0902d-1ac8-45ba-93b0-b53a31704318
1e9ec3ba86084e019227bc5ee072ba2c,yes,e632ecc1-bc32-495d-9986-9a9a86ac9c1c
1e9ec3ba86084e019227bc5ee072ba2c,no,ddfe14c1-4ef2-40e1-8c72-749d8fa0a851
1e9ec3ba86084e019227bc5ee072ba2c,yes,35046ae8-bedd-4a77-b352-25501db6e40c
1e9ec3ba86084e019227bc5ee072ba2c,yes,7927f17e-dcd1-4ba3-bf44-bfb3e9d23fc2
1e9ec3ba86084e019227bc5ee072ba2c,no,b8ec2ff2-8ef9-465a-93a9-535f40707e84
1e9ec3ba86084e019227bc5ee072ba2c,no,349d07ec-95c9-4095-af44-808aba3fe28b
1e9ec3ba86084e019227bc5ee072ba2c,no,5130dc29-340c-492a-b7e5-d47e8462ead7
1e9ec3ba86084e019227bc5ee072ba2c,yes,3162e7be-aa40-4807-afc9-04939e2ac665
1e9ec3ba86084e019227bc5ee072ba2c,yes,9157b48f-544e-4a67-b4db-08294c668c8f
1e9ec3ba86084e019227bc5ee072ba2c,yes,c2389445-aa5e-4057-abae-c99923b5f10b
1e9ec3ba86084e019227bc5ee072ba2c,yes,92cc5ad9-32ae-4055-90f9-f63466a79b80
1e9ec3ba86084e019227bc5ee072ba2c,yes,72126300-a695-415f-96ba-0322076cb9ab
1e9ec3ba86084e019227bc5ee072ba2c,yes,ecd919b2-fba5-4937-8f3f-f24b31d5114f
1e9ec3ba86084e019227bc5ee072ba2c,no,36db4c1b-6b3b-4024-8e86-74554d469e01
1e9ec3ba86084e019227bc5ee072ba2c,yes,d8e22f6b-f979-471d-85d9-00139cf487e9
1e9ec3ba86084e019227bc5ee072ba2c,yes,bddf4425-5303-47c9-8753-2f95781a5931
1e9ec3ba86084e019227bc5ee072ba2c,yes,3aae00a2-d0d1-4359-a30f-cd1ab2d4ccb2
1e9ec3ba86084e019227bc5ee072ba2c,no,c1acd06d-fb66-4530-b905-718e4fc7c9d3
1e9ec3ba86084e019227bc5ee072ba2c,yes,7e3c1ecc-b5a0-492e-8cef-abec78fa3f77
1e9ec3ba86084e019227bc5ee072ba2c,yes,72232ba9-3e7c-4882-85e6-f31b3d0be0c6
1e9ec3ba86084e019227bc5ee072ba2c,no,7186134e-3e19-4a69-beb3-d4efceb2f63d
1e9ec3ba86084e019227bc5ee072ba2c,no,04a7077d-4bbe-48fe-ab19-6b43af205e8e
1e9ec3ba86084e019227bc5ee072ba2c,no,501626ff-3ff2-4edb-9377-f808bbe5e919
1e9ec3ba86084e019227bc5ee072ba2c,no,0ec3a599-5e6e-4994-a8a5-f78c36aa8b37
1e9ec3ba86084e019227bc5ee072ba2c,yes,32da8a46-b814-40cb-b880-87c30342e961
1e9ec3ba86084e019227bc5ee072ba2c,no,b1f8e37e-6b9b-4eae-9f09-b45e1d062d79
1e9ec3ba86084e019227bc5ee072ba2c,yes,c1da1fca-7d6a-4434-bd3e-c5026734bebc
1e9ec3ba86084e019227bc5ee072ba2c,yes,81127c53-25a5-4395-8de7-c480e1b8002f
1e9ec3ba86084e019227bc5ee072ba2c,yes,274f699c-9e15-4a88-84e4-8c225750f12a
963bb04d61ce4afdb60af4588a5fcdf5,yes,ec1722a2-2a1b-4a07-8988-d1092e65701d
963bb04d61ce4afdb60af4588a5fcdf5,yes,9b8d38e7-2cce-4a20-a42a-049210179137
963bb04d61ce4afdb60af4588a5fcdf5,yes,bd577f46-8e02-42cc-b0cc-55d0de709667
963bb04d61ce4afdb60af4588a5fcdf5,no,7f975834-63e8-4d6f-93ce-0a71eea627f4
963bb04d61ce4afdb60af4588a5fcdf5,yes,70845d15-5b44-4143-94e8-26db49f9319c
963bb04d61ce4afdb60af4588a5fcdf5,no,3274aca1-d5ff-482d-89e2-900ebe4ea291
963bb04d61ce4afdb60af4588a5fcdf5,yes,3db3d108-9dc6-4a34-ba90-c99988a3c9f5
963bb04d61ce4afdb60af4588a5fcdf5,yes,7d92a687-5e19-45d6-a322-fb610108afaa
963bb04d61ce4afdb60af4588a5fcdf5,yes,2dcd587e-aff2-4dae-b058-6d83cdfe7ebc
963bb04d61ce4afdb60af4588a5fcdf5,yes,d998edf1-88dd-4fdb-b87f-d03112342d59
963bb04d61ce4afdb60af4588a5fcdf5,yes,3c33f0e0-db80-492e-931b-aace05cd6717
963bb04d61ce4afdb60af4588a5fcdf5,yes,478cb3e7-699b-47b8-98b3-f26f15b15083
963bb04d61ce4afdb60af4588a5fcdf5,yes,32686ec9-29a1-4df4-ab38-e8bd2b16310b
963bb04d61ce4afdb60af4588a5fcdf5,yes,1096cab7-530c-4394-8c49-a6e259c7b854
963bb04d61ce4afdb60af4588a5fcdf5,no,d11242ae-8de9-475e-b71d-86a55bd00b80
963bb04d61ce4afdb60af4588a5fcdf5,yes,ab904bbe-f7d9-4f6a-a384-77efaff810a2
963bb04d61ce4afdb60af4588a5fcdf5,yes,66ce6818-a0b6-4b55-b2ad-7a93e84a6a07
963bb04d61ce4afdb60af4588a5fcdf5,yes,7af4e1c9-1b50-4a02-a2c8-82170d9bb1fd
963bb04d61ce4afdb60af4588a5fcdf5,yes,4218d9c5-314f-4980-84af-4d6ae2f0a6e4
963bb04d61ce4afdb60af4588a5fcdf5,no,29cfa674-6f62-4fd2-8260-8bef478343d8
963bb04d61ce4afdb60af4588a5fcdf5,yes,8e9084ec-4cf1-4abd-bf2a-2cd89d776cee
963bb04d61ce4afdb60af4588a5fcdf5,yes,d04df369-4a35-4b0c-a405-db24e547d87d
963bb04d61ce4afdb60af4588a5fcdf5,yes,d886335b-f8a4-47c4-af36-5ddf009c794d
963bb04d61ce4afdb60af4588a5fcdf5,yes,65b7ef89-82bb-410c-a2dd-2332d7b8a577
963bb04d61ce4afdb60af4588a5fcdf5,yes,0afdb14a-7b4b-46bc-aaf2-692a6498292a
963bb04d61ce4afdb60af4588a5fcdf5,yes,f31a314d-0dce-4718-96d1-35e635ff43cf
963bb04d61ce4afdb60af4588a5fcdf5,yes,a0df2b6d-d615-4417-acc6-9a6589902622
963bb04d61ce4afdb60af4588a5fcdf5,no,d4d45408-7090-418a-8cd1-e02711fa330c
963bb04d61ce4afdb60af4588a5fcdf5,yes,cc5d85c1-237e-4f2c-a672-f302bf7fcdfa
963bb04d61ce4afdb60af4588a5fcdf5,no,517aa1da-e44d-47e3-a992-9d827bb1e53e
963bb04d61ce4afdb60af4588a5fcdf5,yes,33e0096d-199a-4a52-aadb-f268273c166c
963bb04d61ce4afdb60af4588a5fcdf5,no,b2472dfb-46d3-4fdb-ad3f-b11da9de9005
963bb04d61ce4afdb60af4588a5fcdf5,yes,1aeab002-abf2-4ec8-83e5-1a8b2182e2f8
963bb04d61ce4afdb60af4588a5fcdf5,no,a40157ef-046d-4e93-8144-9068a5b3074a
963bb04d61ce4afdb60af4588a5fcdf5,yes,ac242735-65fe-4634-90f7-9a9217de3c11
963bb04d61ce4afdb60af4588a5fcdf5,yes,7f90d5d0-a818-41f5-843d-a5a9d8d0b0d3
963bb04d61ce4afdb60af4588a5fcdf5,yes,79435347-4277-45fa-bedd-e0bc35a731dd
963bb04d61ce4afdb60af4588a5fcdf5,no,0e1a0d79-4512-4427-bc0f-df4ee5e4d307
963bb04d61ce4afdb60af4588a5fcdf5,yes,30da2902-1008-43cd-9485-722958c9e923
963bb04d61ce4afdb60af4588a5fcdf5,yes,fcbafff0-78db-48cc-8e65-358530436a76
963bb04d61ce4afdb60af4588a5fcdf5,no,289774f1-f23d-4fa2-a68e-67570fb7d29d
963bb04d61ce4afdb60af4588a5fcdf5,no,b4fe36ba-ff34-4bc3-9538-034baea80a89
963bb04d61ce4afdb60af4588a5fcdf5,yes,977a62f4-a0a3-42b1-ac7a-b2df1f748718
963bb04d61ce4afdb60af4588a5fcdf5,yes,572bd7c8-8e7a-4522-84b1-0246a85ccb80
963bb04d61ce4afdb60af4588a5fcdf5,no,df819c65-2f37-477b-ba1c-0cb599df8e19
963bb04d61ce4afdb60af4588a5fcdf5,no,763b3a97-df13-424c-a744-7d4934d42c98
963bb04d61ce4afdb60af4588a5fcdf5,yes,7949f788-3b9c-48c1-8764-dc6ce664a044
9c9d2604a7bf42baa476ea22a6c6ceaf,yes,44c53860-4848-43ae-8f89-c32807172b09
9c9d2604a7bf42baa476ea22a6c6ceaf,yes,2f38dc37-19bf-40c6-a81e-c7e2c3fc688e
9c9d2604a7bf42baa476ea22a6c6ceaf,yes,580c82de-8398-4079-89ef-d300c2adf21f
9c9d2604a7bf42baa476ea22a6c6ceaf,no,21265a25-2d9e-4737-9697-11ad4b5250ec
9c9d2604a7bf42baa476ea22a6c6ceaf,yes,7f003a5b-43d5-4a03-bae2-da8478a627d2
9c9d2604a7bf42baa476ea22a6c6ceaf,yes,7ff508cc-f600-4758-a63f-2c4ecac6c29d
9c9d2604a7bf42baa476ea22a6c6ceaf,yes,d5f3cead-f2a4-4a26-8a72-70415c23404c
9c9d2604a7bf42baa476ea22a6c6ceaf,yes,210b407f-aab7-4212-9899-1c200ca7c033
9c9d2604a7bf42baa476ea22a6c6ceaf,yes,54d16467-38b9-48b5-bc18-0028f4296f0b
9c9d2604a7bf42baa476ea22a6c6ceaf,yes,a471932d-f680-46ff-a3a4-d1bfac6e4998
9c9d2604a7bf42baa476ea22a6c6ceaf,yes,c57928e8-1a66-4564-a6af-4fcbe916508d
9c9d2604a7bf42baa476ea22a6c6ceaf,no,167902b3-c8c3-48c0-83ac-03e947e58e1d
9c9d2604a7bf42baa476ea22a6c6ceaf,yes,3d8b2819-6b3f-4f6b-9f20-caa355580511
9c9d2604a7bf42baa476ea22a6c6ceaf,no,4d908bb7-ed25-4d04-afc6-79ca84fdfcf6
9c9d2604a7bf42baa476ea22a6c6ceaf,yes,3c7b6f41-4eca-4cb7-991f-544eafa64ce1
9c9d2604a7bf42baa476ea22a6c6ceaf,yes,1c25589f-aec1-4b9e-ba55-6611cdffd26d
9c9d2604a7bf42baa476ea22a6c6ceaf,yes,bb1a3b90-8fcf-4154-822c-2213f22a56ba
9c9d2604a7bf42baa476ea22a6c6ceaf,no,7b80ade2-ba25-4c57-9f9f-c60790f82bff
9c9d2604a7bf42baa476ea22a6c6ceaf,yes,421240ec-3408-4d1a-bc62-e76fdc39e114
9c9d2604a7bf42baa476ea22a6c6ceaf,no,2ba1ebdd-1860-4354-8a99-a407f43edc13
9c9d2604a7bf42baa476ea22a6c6ceaf,yes,5f961a84-c32a-433f-8da5-d7b0c8fdb513
9c9d2604a7bf42baa476ea22a6c6ceaf,yes,b0b96a2e-62bc-4798-83b6-abace0af3ff1
9c9d2604a7bf42baa476ea22a6c6ceaf,yes,d0944594-400d-4bde-8551-4b371392f104
9c9d2604a7bf42baa476ea22a6c6ceaf,yes,44bedeed-2f6b-4236-baaf-f15abb98b3fa
9c9d2604a7bf42baa476ea22a6c6ceaf,no,283b095d-42b4-4047-9de9-3f692e988e8f
9c9d2604a7bf42baa476ea22a6c6ceaf,yes,dbdca241-0880-4cba-8539-934c2a56d868
9c9d2604a7bf42baa476ea22a6c6ceaf,yes,6f99c7fe-15b1-4635-8a26-2b44445d7d5c
9c9d2604a7bf42baa476ea22a6c6ceaf,no,7c2a9c59-8cda-4ccd-9878-fe7ed0f1d171
9c9d2604a7bf42baa476ea22a6c6ceaf,no,f08690d1-a370-4d78-bcca-b9f8223717ca
9c9d2604a7bf42baa476ea22a6c6ceaf,yes,035170fa-4422-4ebc-af23-0584ccd82b1c
9c9d2604a7bf42baa476ea22a6c6ceaf,no,7c0e47b1-a587-4ee7-b485-adc32ab37a28
9c9d2604a7bf42baa476ea22a6c6ceaf,yes,725e698f-c592-4639-8434-3aade88f5ecb
9c9d2604a7bf42baa476ea22a6c6ceaf,no,d923e390-ad15-4750-b6b2-511f7af9b04a
9c9d2604a7bf42baa476ea22a6c6ceaf,yes,969cd2c8-d993-4da6-8739-0391ce7465fd
9c9d2604a7bf42baa476ea22a6c6ceaf,no,fc467016-968a-4db1-b18c-44e8ac9f3f4b
9c9d2604a7bf42baa476ea22a6c6ceaf,yes,51161727-d896-47bf-91d1-91d2ae15880e
9c9d2604a7bf42baa476ea22a6c6ceaf,yes,eda363e9-763a-46c0-8141-bb6a365e53c3
9c9d2604a7bf42baa476ea22a6c6ceaf,no,b15790c1-2c47-4c76-814b-a849fa0b69af
04ee991065ec4896b701801c71dbf813,no,ec1c7d14-633a-40c9-870f-073aed33679e
04ee991065ec4896b701801c71dbf813,yes,14ecaba3-b255-4f41-88f9-d191e70ae5c2
04ee991065ec4896b701801c71dbf813,yes,ca732a93-8847-416d-8dec-0fe856318650
04ee991065ec4896b701801c71dbf813,no,cc21781d-99ef-436e-9be7-89e4c0ce6c1e
04ee991065ec4896b701801c71dbf813,yes,195aa535-1ce6-4ddd-a50c-5b4647012110
04ee991065ec4896b701801c71dbf813,yes,a0c87391-5858-4555-a96e-de30fc5b80a5
04ee991065ec4896b701801c71dbf813,yes,64c7d2f9-cb3f-4528-955f-e55810bd47bc
04ee991065ec4896b701801c71dbf813,yes,043fb1b5-a484-4221-8327-1d3966caafe8
04ee991065ec4896b701801c71dbf813,yes,5b89879d-524b-461f-a059-553ea1696188
04ee991065ec4896b701801c71dbf813,yes,bbf4a292-9a3d-491e-a28d-8086c80cdd1a
04ee991065ec4896b701801c71dbf813,yes,2a8e4690-7311-49b4-aba2-888cd46671cd
04ee991065ec4896b701801c71dbf813,no,bd6bf1f6-d4ff-425b-ab34-7a6d7a10cbcb
04ee991065ec4896b701801c71dbf813,no,2a0bc0ec-8629-47e5-8048-fd891d700783
04ee991065ec4896b701801c71dbf813,no,58c53d2c-d415-4eba-ae54-fda242868568
04ee991065ec4896b701801c71dbf813,no,587c47d0-d80d-4296-a534-eb40ec675284
04ee991065ec4896b701801c71dbf813,yes,f8cb5dbe-4e03-4567-9e8a-7312bb6d346d
04ee991065ec4896b701801c71dbf813,yes,4c497b93-6539-4450-bace-2e7a376d2c4c
04ee991065ec4896b701801c71dbf813,yes,72ba3fac-5748-4b52-aa27-ff4c4d934f38
04ee991065ec4896b701801c71dbf813,yes,6ed847c1-9638-49d0-87dc-b9cc7bd5d3bf
04ee991065ec4896b701801c71dbf813,yes,bbf1fed1-9475-450f-8b47-2cc8225f825d
04ee991065ec4896b701801c71dbf813,yes,981b4a4b-f1e5-4448-aca3-774edb9e93d1
04ee991065ec4896b701801c71dbf813,no,9fe2c570-65b2-4b5d-aefc-763793a5a949
04ee991065ec4896b701801c71dbf813,no,e5c2a173-80e4-4461-9323-f6f1bdbb6982
04ee991065ec4896b701801c71dbf813,no,95d3ac0e-441c-4eb8-8edb-c2f636a8e348
04ee991065ec4896b701801c71dbf813,yes,a2bea818-0f42-43c0-ae22-ce50ba2ba9a1
04ee991065ec4896b701801c71dbf813,no,1cbcf0ee-7557-4138-9d31-f4f93635dce2
04ee991065ec4896b701801c71dbf813,no,80ff6446-2350-4546-969d-a643cb968253
04ee991065ec4896b701801c71dbf813,yes,354fbc00-3d05-46a7-a258-103b175fb653
04ee991065ec4896b701801c71dbf813,yes,7bd3a94b-86c4-47c4-a2ee-32af067e0edf
04ee991065ec4896b701801c71dbf813,yes,e07b7756-477d-49ac-a6dc-c13d645cf67a
04ee991065ec4896b701801c71dbf813,yes,1c91b9bb-f7a8-4a64-b776-eda4eb5a9105
04ee991065ec4896b701801c71dbf813,no,3d41c461-eb1b-4d49-85cb-f233ed54bcaf
04ee991065ec4896b701801c71dbf813,yes,c3336217-5429-4ae8-9963-ba45d61180f0
04ee991065ec4896b701801c71dbf813,yes,a4e4cfc6-ca5b-488a-8415-23464a43ab2e
04ee991065ec4896b701801c71dbf813,no,299a416d-037b-4107-8903-e70771e8444d
04ee991065ec4896b701801c71dbf813,no,474d0b38-9b76-4436-aa3f-adc4bf9ade92
b210ddfd9e9f4f8681ada8e996c06547,no,db3b0a10-21d1-4acd-93b1-46148847e17d
b210ddfd9e9f4f8681ada8e996c06547,yes,da71b650-87e0-4d34-b502-ea1696094a70
b210ddfd9e9f4f8681ada8e996c06547,yes,24060ab9-53d9-464a-8020-8e7a71ca18db
b210ddfd9e9f4f8681ada8e996c06547,yes,2b6639a7-240a-49ad-bb6d-2188c2c2d2c8
b210ddfd9e9f4f8681ada8e996c06547,yes,3e362552-2f8d-4427-bc63-c6fd3c6ab0b3
b210ddfd9e9f4f8681ada8e996c06547,yes,129cd1e5-3549-4b0a-9b4e-1dd7bc987f24
b210ddfd9e9f4f8681ada8e996c06547,yes,e5b81e69-e694-496a-8270-6b9270994e42
b210ddfd9e9f4f8681ada8e996c06547,no,d4fa522b-16e4-4056-8a11-80815b03ba84
b210ddfd9e9f4f8681ada8e996c06547,yes,4f9fc1c5-46e8-4dd5-bc67-c601b39d54c0
b210ddfd9e9f4f8681ada8e996c06547,yes,05377f5a-2dcb-40a8-a875-bd78a14a9eab
b210ddfd9e9f4f8681ada8e996c06547,yes,f23f760a-0669-4e66-a000-df7ec78af8c8
b210ddfd9e9f4f8681ada8e996c06547,yes,633666c3-277d-4b80-871f-925c6b53b447
b210ddfd9e9f4f8681ada8e996c06547,yes,d39cfb09-f49b-45c8-a9c6-1d27a8bd3d2b
b210ddfd9e9f4f8681ada8e996c06547,yes,a2643772-3c9d-4fc2-89dc-2404a725e5f7
b210ddfd9e9f4f8681ada8e996c06547,yes,97f39a31-db99-420b-a50e-46a91fbaca7b
1edc6e6d36244a61b97be5713125c9c4,yes,3d68d6a4-515c-4a2a-b3f3-2cd3c7dc07ce
1edc6e6d36244a61b97be5713125c9c4,yes,39cd9088-93ce-4769-a7cd-5a7bf1561500
1edc6e6d36244a61b97be5713125c9c4,yes,f3659d5a-cec8-466e-a75f-100453efafd8
1edc6e6d36244a61b97be5713125c9c4,no,6252ed83-daac-4bdc-84e1-dbc37874eab3
1edc6e6d36244a61b97be5713125c9c4,yes,bab21d3e-0c99-46cd-8d5c-135107a43552
1edc6e6d36244a61b97be5713125c9c4,yes,1ee175a5-0d5d-4a86-8382-2059cb838ab5
1edc6e6d36244a61b97be5713125c9c4,no,5b0ba88f-1889-495e-b4ac-3a54e4c8f72d
1edc6e6d36244a61b97be5713125c9c4,yes,3d4a0724-6d57-4b93-814e-f92b865b5ee4
1edc6e6d36244a61b97be5713125c9c4,yes,59ae297c-017d-4b91-bc3f-b7443cdb7e02
1edc6e6d36244a61b97be5713125c9c4,yes,9847590c-ec4d-4cb4-8afe-67218c4fb574
1edc6e6d36244a61b97be5713125c9c4,yes,578af25b-bc03-4b50-a922-f25152cb3c12
1edc6e6d36244a61b97be5713125c9c4,yes,bbcb60e0-fe0a-4306-b1ec-07cc8cb324fd
1edc6e6d36244a61b97be5713125c9c4,no,b3596bcf-f200-4dd3-a07b-5fd1d25749a2
1edc6e6d36244a61b97be5713125c9c4,no,0f449278-e648-4043-a8f2-3b097bea95c9
1edc6e6d36244a61b97be5713125c9c4,yes,fffdc272-3c75-4e14-9d0f-cf4e189ba0f5
1edc6e6d36244a61b97be5713125c9c4,yes,1971c859-bda5-4221-b092-dfd41394381e
1edc6e6d36244a61b97be5713125c9c4,yes,0c7dcecd-d7d7-4753-89fa-c8e0214e5531
1edc6e6d36244a61b97be5713125c9c4,yes,2d210a59-760e-48f6-88b1-a6730eef43fc
1edc6e6d36244a61b97be5713125c9c4,no,268afeef-f34e-4820-b322-b35a80062533
1edc6e6d36244a61b97be5713125c9c4,yes,5c2e4dec-a7b6-4945-835d-3832a5706bca
1edc6e6d36244a61b97be5713125c9c4,yes,56ca6902-af2c-4537-9fbc-e240ae33dfe2
1edc6e6d36244a61b97be5713125c9c4,no,c7509dab-d933-44ec-ac8b-e8be35e8baef
1edc6e6d36244a61b97be5713125c9c4,no,53dbbe98-103e-4a86-9260-d8091118d5b9
1edc6e6d36244a61b97be5713125c9c4,no,569af14d-ac46-45c0-a90b-22a80ac600e3
1edc6e6d36244a61b97be5713125c9c4,no,55c52e88-6d6f-4518-a7a9-f929d979ede8
1edc6e6d36244a61b97be5713125c9c4,no,8ddf3596-6e40-4bc2-a2b7-183ea20fe902
1edc6e6d36244a61b97be5713125c9c4,no,2ed68d41-798c-49c3-b506-5cd1f11136ac
1edc6e6d36244a61b97be5713125c9c4,no,b4e070e2-8dbd-4d7d-9d40-7625b3766458
1edc6e6d36244a61b97be5713125c9c4,yes,508e9dfe-1e92-46bc-8a86-18a4b011bbce
1edc6e6d36244a61b97be5713125c9c4,yes,9fa67c49-8069-4b4d-82af-39b1f51796d0
1edc6e6d36244a61b97be5713125c9c4,no,96a683d1-edd7-4d19-a647-b352a7ec234c
1edc6e6d36244a61b97be5713125c9c4,yes,8a0332ed-11bb-473b-a359-5a49d03665f7
1edc6e6d36244a61b97be5713125c9c4,yes,042feba8-9d57-45f6-9676-96ef94f77c1e
1edc6e6d36244a61b97be5713125c9c4,yes,7a2fa7d5-bdd0-42df-a7e5-e22593f33061
1edc6e6d36244a61b97be5713125c9c4,no,0ed26f84-1362-472f-9ba7-387fefb23bac
1edc6e6d36244a61b97be5713125c9c4,no,aab527a2-2667-4b2b-88df-fcb55d95c87b
1edc6e6d36244a61b97be5713125c9c4,yes,ea8bf6aa-9f7e-4ff6-9a79-5f3c35535538
1edc6e6d36244a61b97be5713125c9c4,no,6bd24cca-e248-4553-aa56-c28ee8ee35a7
1edc6e6d36244a61b97be5713125c9c4,no,e81ebcfe-55c2-4e2e-b254-0a2d2f6e9eb7
1edc6e6d36244a61b97be5713125c9c4,no,d41fd611-e97e-45a3-b155-4b9b0e15e00e
1edc6e6d36244a61b97be5713125c9c4,yes,3c58a927-9128-4537-a955-ff2c6a90e9d4
1edc6e6d36244a61b97be5713125c9c4,no,32f4842c-8642-4b39-a2ac-fc6b39115217
1edc6e6d36244a61b97be5713125c9c4,no,cc3ae1c4-78aa-4943-82bc-c72af44aa524
1edc6e6d36244a61b97be5713125c9c4,yes,0078d96b-8298-4408-b45b-762ebf5bd61e
1edc6e6d36244a61b97be5713125c9c4,yes,04600d88-392a-4886-a384-93ef0ff6f0b3
1edc6e6d36244a61b97be5713125c9c4,yes,9a35cd76-3d8a-4e41-a46d-6552f611eb42
89dff1a1753f4831b81355e1cb4e0988,no,6f70c527-ffcb-4d69-9044-015b249b6f81
89dff1a1753f4831b81355e1cb4e0988,yes,0330f70c-5151-4588-89a2-a7abc1db26e7
89dff1a1753f4831b81355e1cb4e0988,no,360bb1db-c2d3-40bb-86b3-55a4d450f51f
89dff1a1753f4831b81355e1cb4e0988,yes,477afd71-0e7f-446b-b657-07368e179690
89dff1a1753f4831b81355e1cb4e0988,no,f619b7cd-8056-40a5-b4bf-e1aa12ac114c
89dff1a1753f4831b81355e1cb4e0988,yes,be1f7694-e406-463e-966b-69cc0bfe0e6c
89dff1a1753f4831b81355e1cb4e0988,no,12ff29b2-7342-40a1-8699-64fa11fa05f3
89dff1a1753f4831b81355e1cb4e0988,yes,0d512ecd-c27d-4725-934a-7132d6109416
89dff1a1753f4831b81355e1cb4e0988,yes,20912c0f-fd4c-4f0c-b9fd-c063c40bce01
89dff1a1753f4831b81355e1cb4e0988,no,db940071-046b-4af6-bae2-c5a0afeed57e
89dff1a1753f4831b81355e1cb4e0988,no,b415078d-c264-4dd7-b167-57ac3d07d609
89dff1a1753f4831b81355e1cb4e0988,yes,88fa088d-3dfd-4f31-a6b5-3bc56a627063
89dff1a1753f4831b81355e1cb4e0988,yes,cedb1865-d82a-4aed-8c1e-4d4e87f8272e
89dff1a1753f4831b81355e1cb4e0988,no,d229b978-2d45-442d-96be-e23db785f3e8
89dff1a1753f4831b81355e1cb4e0988,yes,61962ce8-b155-41d3-ae10-9e18ff6984b0
89dff1a1753f4831b81355e1cb4e0988,no,e4d40b80-416b-4b49-8c2f-e967d8611345
89dff1a1753f4831b81355e1cb4e0988,yes,2abb282f-1cf0-4a69-a787-5a0404f08d94
89dff1a1753f4831b81355e1cb4e0988,yes,a9f6b90a-1a2c-42df-8aaf-71b6c11dede6
89dff1a1753f4831b81355e1cb4e0988,yes,afaa1780-26e7-4db0-bd6f-00c105ad6b40
89dff1a1753f4831b81355e1cb4e0988,no,c9338b2a-6fc6-4c0e-81c9-58cfb7aec01f
89dff1a1753f4831b81355e1cb4e0988,yes,1195f559-240a-48b4-8137-dd3b8c2fcb36
89dff1a1753f4831b81355e1cb4e0988,no,b940b44b-123e-4645-b9d8-bd0ce69abce8
89dff1a1753f4831b81355e1cb4e0988,no,3de5e6f7-5ad0-4c41-bc08-e98f7f941772
89dff1a1753f4831b81355e1cb4e0988,no,c33e7dbe-b011-4e60-a469-44297383d79c
89dff1a1753f4831b81355e1cb4e0988,no,b99f2969-2e54-4298-9352-25f51028856b
89dff1a1753f4831b81355e1cb4e0988,no,97670b34-dde2-4ed7-bf5b-7da9b05be0d9
89dff1a1753f4831b81355e1cb4e0988,yes,4e3a2b8c-87bf-409d-9133-82b9805a9aab
89dff1a1753f4831b81355e1cb4e0988,no,60bfb383-8a1d-49de-8209-2367ad7175cd
89dff1a1753f4831b81355e1cb4e0988,no,3be10cd4-1c15-4fc4-b9c4-80275dd79715
89dff1a1753f4831b81355e1cb4e0988,no,5e1f35d2-0bb6-46a6-80e1-9e44064d4401
89dff1a1753f4831b81355e1cb4e0988,yes,81bb0701-d6c0-4e1d-a92a-9ed395821f3a
882a5068b5674872a265f0f897c43b11,yes,5ef2bbfb-8011-4bde-acbf-daafa63d496c
882a5068b5674872a265f0f897c43b11,yes,81217d43-7a1d-481e-babb-9bbadcab59aa
882a5068b5674872a265f0f897c43b11,yes,b56ce6aa-8daa-4a90-84e4-a19071836f63
882a5068b5674872a265f0f897c43b11,yes,c6983cbc-d95d-4baf-8066-9cb5fa44a433
882a5068b5674872a265f0f897c43b11,yes,353eff4a-018b-4938-8fb7-ce6e1b2be3d9
882a5068b5674872a265f0f897c43b11,yes,e909b1cf-d99c-4509-a33f-70a02bdba9fb
882a5068b5674872a265f0f897c43b11,yes,ec122303-19b8-4644-9f62-4a493505e5d7
882a5068b5674872a265f0f897c43b11,yes,97dd0aa0-61df-46f3-be67-695d140ef725
882a5068b5674872a265f0f897c43b11,yes,00060904-fe5e-4f9c-8123-9c53447172c7
882a5068b5674872a265f0f897c43b11,yes,5741e833-b96c-46bb-9385-b3b51fdcb340
882a5068b5674872a265f0f897c43b11,no,e50057d0-97eb-47ba-baf8-fc9452c8a7f6
882a5068b5674872a265f0f897c43b11,yes,128b3217-48ee-4c88-b0e7-2dc5f2c5595c
882a5068b5674872a265f0f897c43b11,yes,44368c32-9822-415d-9df2-61ac44154a08
882a5068b5674872a265f0f897c43b11,yes,1408c513-560a-4d64-8a5b-908354efa209
3e74d9b61b614b7db34d3d77afc69f6e,yes,ca927f2e-caec-44a4-9b5a-81160e6fc902
3e74d9b61b614b7db34d3d77afc69f6e,yes,2d41c530-5731-4975-8f50-7e8e42f7e09d
3e74d9b61b614b7db34d3d77afc69f6e,yes,53021b98-1944-4ee4-b1e4-8b3d46fb147d
3e74d9b61b614b7db34d3d77afc69f6e,yes,c594da7c-ad4a-4ff3-9a36-dc6e860ecd9b
3e74d9b61b614b7db34d3d77afc69f6e,yes,1b858222-5e1b-42dd-bd80-97f01e43c276
3e74d9b61b614b7db34d3d77afc69f6e,yes,ef007a2b-a95f-4c74-85da-bb3e6e050427
3e74d9b61b614b7db34d3d77afc69f6e,yes,1ff42986-b75f-4a81-96d7-74cc9960871e
3e74d9b61b614b7db34d3d77afc69f6e,no,d60b5525-1089-41e6-a3b2-d20cc3ca31c9
3e74d9b61b614b7db34d3d77afc69f6e,no,1b2994a8-dc84-45a1-bb87-ebb70e9dfc18
3e74d9b61b614b7db34d3d77afc69f6e,yes,f2b21ec4-ac3d-4672-89e5-df8667d5c754
3e74d9b61b614b7db34d3d77afc69f6e,no,aeb2c018-fcdd-45b5-bd52-8a87faa19792
3e74d9b61b614b7db34d3d77afc69f6e,no,49982864-19af-4dca-b724-f7c388da20c9
3e74d9b61b614b7db34d3d77afc69f6e,yes,3daa927f-6be8-4e22-bc34-53d2fec695d1
3e74d9b61b614b7db34d3d77afc69f6e,yes,7a1fe4b0-82dc-4136-9fe6-c327a7e1e46f
3e74d9b61b614b7db34d3d77afc69f6e,yes,d9aedc3f-ee12-4d0b-a4d6-77bbfa9e2402
3e74d9b61b614b7db34d3d77afc69f6e,yes,d1b37982-0b22-4055-858b-daff6d7683e7
3e74d9b61b614b7db34d3d77afc69f6e,no,9b2b6270-11c9-498a-85df-c474ca78f545
3e74d9b61b614b7db34d3d77afc69f6e,yes,094a3698-0c78-40b3-9133-2715b06e3aa4
3e74d9b61b614b7db34d3d77afc69f6e,no,1354719b-fc3a-4d19-b7d3-95e489edba0b
3e74d9b61b614b7db34d3d77afc69f6e,no,d7ca1ed1-1ece-490f-a6ea-102b79782f49
3e74d9b61b614b7db34d3d77afc69f6e,no,a451eea5-bd49-486c-80ab-006d5bdbf7cf
3e74d9b61b614b7db34d3d77afc69f6e,no,462f07b3-9cdc-4beb-8bab-b60fcae729ad
3e74d9b61b614b7db34d3d77afc69f6e,no,7366c1bf-4c00-43e6-9dff-cbd106d54579
3e74d9b61b614b7db34d3d77afc69f6e,no,9c3b39b2-fa2e-4cbd-83b8-60ecaaa35e21
3e74d9b61b614b7db34d3d77afc69f6e,yes,9476977b-9d52-413f-ac30-141279dde985
3e74d9b61b614b7db34d3d77afc69f6e,yes,33512c60-0bbc-4c0c-8c6a-24aa2b108ab6
3e74d9b61b614b7db34d3d77afc69f6e,yes,fc288b66-206e-474e-a06f-c5cc4f63a0ee
3e74d9b61b614b7db34d3d77afc69f6e,yes,5a7143be-4a5a-45f4-b906-3e85283f3f22
3e74d9b61b614b7db34d3d77afc69f6e,no,f132ef83-39b6-4ca0-aed4-95784682bc2f
3e74d9b61b614b7db34d3d77afc69f6e,no,8621635e-ccc8-4493-82fd-10992074da17
3e74d9b61b614b7db34d3d77afc69f6e,no,69b96547-e37e-419a-a95b-27cea118e221
3e74d9b61b614b7db34d3d77afc69f6e,no,5b95d212-6691-4874-8c46-d546ac880aa4
3e74d9b61b614b7db34d3d77afc69f6e,yes,5cd30930-d3f5-4d4d-9167-7e2714af018b
3e74d9b61b614b7db34d3d77afc69f6e,yes,199c81fb-5b17-4ba0-a2a6-edde4689cac1
85a9d5b99a95462b8cd8cafaa6c81227,yes,69de0dd3-b25c-411f-8546-33f12a2072b7
85a9d5b99a95462b8cd8cafaa6c81227,yes,5b4dc3cd-289c-4083-b154-025fe18c4af0
85a9d5b99a95462b8cd8cafaa6c81227,no,bb09d09e-9a26-4577-9ee3-75889cc1df33
85a9d5b99a95462b8cd8cafaa6c81227,yes,ba0be31e-8f12-4a67-b22e-1464941f8b85
85a9d5b99a95462b8cd8cafaa6c81227,no,7f0c1380-7fed-44f9-90d9-1cce142eaef2
85a9d5b99a95462b8cd8cafaa6c81227,no,816bf7e3-1cd1-4288-9f47-2f6abdec6cf6
85a9d5b99a95462b8cd8cafaa6c81227,yes,15d88f82-f4f4-4f7c-a48a-e4be960bbe4b
85a9d5b99a95462b8cd8cafaa6c81227,yes,3a8fec16-9c3d-4d9a-823e-a60f9b9c4beb
85a9d5b99a95462b8cd8cafaa6c81227,yes,97d9c94e-485d-431a-a329-ddd05873a5d2
85a9d5b99a95462b8cd8cafaa6c81227,yes,1e020fa5-62cd-4577-b94c-260875e4a304
85a9d5b99a95462b8cd8cafaa6c81227,no,457a050b-5807-4d4f-bac5-e2fc570b361c
85a9d5b99a95462b8cd8cafaa6c81227,no,0002a191-6c8c-498f-9d24-ed76375175ff
85a9d5b99a95462b8cd8cafaa6c81227,no,9eee69cc-49bf-433c-9f71-aa250a567080
85a9d5b99a95462b8cd8cafaa6c81227,no,ef05cab7-ff76-410c-8b22-806811054475
85a9d5b99a95462b8cd8cafaa6c81227,no,18742248-c130-4ebd-a908-d5bbb24309a4
85a9d5b99a95462b8cd8cafaa6c81227,yes,db763b73-e013-4064-903c-702b262ee747
85a9d5b99a95462b8cd8cafaa6c81227,no,a3b20fff-42bb-4714-8b4e-3997d5d002e6
85a9d5b99a95462b8cd8cafaa6c81227,yes,26796dd9-5eb2-4bc8-afe7-59818c428343
85a9d5b99a95462b8cd8cafaa6c81227,yes,d43fb9c7-2e06-4959-9a13-16b98cde2564
85a9d5b99a95462b8cd8cafaa6c81227,yes,90b011b9-f4dc-473a-bf00-de4533a56335
85a9d5b99a95462b8cd8cafaa6c81227,yes,8da1dd03-e208-44b0-9f4d-409fa7f134b2
85a9d5b99a95462b8cd8cafaa6c81227,yes,c53619d5-0c31-40d9-90b1-3c4de4a1f17b
85a9d5b99a95462b8cd8cafaa6c81227,no,f18c69f7-b9f7-44ce-acaf-8a7a40a408fb
85a9d5b99a95462b8cd8cafaa6c81227,yes,02d8827e-e47f-4c4e-8364-e281cbea61fe
85a9d5b99a95462b8cd8cafaa6c81227,yes,c615225e-de9b-4b82-afc2-ec8a9f7535af
85a9d5b99a95462b8cd8cafaa6c81227,yes,33da3c69-a183-4ba7-a1b3-d2648a08b54e
85a9d5b99a95462b8cd8cafaa6c81227,yes,c0b8b766-a67f-4193-bfdd-5c869533e838
85a9d5b99a95462b8cd8cafaa6c81227,no,2a4ba184-d69a-4a64-8858-71d3061d476e
85a9d5b99a95462b8cd8cafaa6c81227,no,2098544c-5540-4ff6-98d1-abbac1ca35b5
85a9d5b99a95462b8cd8cafaa6c81227,no,85db80d1-9a4e-4c28-ae65-318dcc57ebd4
85a9d5b99a95462b8cd8cafaa6c81227,yes,7262a75c-91b9-4070-a213-993b7626dfeb
85a9d5b99a95462b8cd8cafaa6c81227,no,9ab3d4f3-9b2c-4f1c-a7b8-35c72e86ad1c
85a9d5b99a95462b8cd8cafaa6c81227,yes,2e93e9ca-7a99-44c7-b7b6-de2a6797493e
85a9d5b99a95462b8cd8cafaa6c81227,no,2ccf4dce-b87b-4744-8007-3d7bfa9f31d7
85a9d5b99a95462b8cd8cafaa6c81227,yes,3a1bec38-bd45-4bab-9b39-8fd53d844a7c
85a9d5b99a95462b8cd8cafaa6c81227,yes,f873dbe7-0522-412c-85a9-2a8202a05b4d
85a9d5b99a95462b8cd8cafaa6c81227,yes,7545a5e7-c8cf-4171-ada5-3dae234868a1
85a9d5b99a95462b8cd8cafaa6c81227,no,b2c1dabb-9094-476d-9634-c2782a983444
85a9d5b99a95462b8cd8cafaa6c81227,no,168b01b7-4b1a-47dc-b61b-c0aa6b99564a
85a9d5b99a95462b8cd8cafaa6c81227,no,fb9eac32-5e44-4a78-8d6b-8ba24a7a8387
705da41078f040008558403880beae08,no,49f34778-ee2f-47d5-81a4-dc3d87de812a
705da41078f040008558403880beae08,no,7daa3b4a-6bc4-489d-9778-b8a51a1c05b1
705da41078f040008558403880beae08,no,16ae318b-d052-4f7c-ae7d-2396a4ed8c7c
705da41078f040008558403880beae08,yes,a6ebbd66-fe92-423c-ae6c-e58ed56b0e64
705da41078f040008558403880beae08,yes,383f31ee-8d1d-44c3-8e06-41ca407fc0c2
705da41078f040008558403880beae08,no,ad3f5cb3-a51d-4f35-8ae0-eb0935242cc8
705da41078f040008558403880beae08,yes,9c9daecd-517b-41df-94b0-208c28aa0865
705da41078f040008558403880beae08,no,c79f7dfd-0b73-47d5-99ca-11f8306b1bf8
705da41078f040008558403880beae08,no,d1d3b066-28a0-4d33-a8b6-fb9608055d48
705da41078f040008558403880beae08,no,63f6432d-5d80-4591-9dc9-80d88232ee87
705da41078f040008558403880beae08,yes,2d55049b-c5f9-4b14-bcde-65a7df49f6d4
705da41078f040008558403880beae08,yes,2a834fb1-dd21-43bc-a79c-ac8076a96abc
705da41078f040008558403880beae08,yes,b8a527bb-0fae-4e4a-a870-654fec8f8042
705da41078f040008558403880beae08,no,bf956f3e-d757-465b-b1fb-5712e26950d0
705da41078f040008558403880beae08,no,9df7ab17-434a-4c2a-b287-3b3a697cf2bd
705da41078f040008558403880beae08,no,68653f56-025a-4196-9df6-b36b2f617f59
705da41078f040008558403880beae08,yes,fb91072e-c394-4d40-956d-4a469a7760fc
705da41078f040008558403880beae08,yes,d8cbadcb-ee2e-489b-aceb-eba11381e0a5
705da41078f040008558403880beae08,yes,beb6305b-e77e-4a7c-8b39-d615cfda622d
705da41078f040008558403880beae08,yes,6bc8163d-3fb5-46d0-a49f-3272f0bcb056
705da41078f040008558403880beae08,no,7821e432-9714-457f-b4c1-2147378e12e0
705da41078f040008558403880beae08,no,fbc5d70b-5a07-45a0-8ee4-54bfcef4e272
7a1c30c59d314745ba839ca2e3730ed5,yes,c901ed44-111d-42a2-9f95-f0659256bc13
7a1c30c59d314745ba839ca2e3730ed5,yes,311280af-d070-4351-94b6-d4920c2f90fc
7a1c30c59d314745ba839ca2e3730ed5,no,96095264-295e-430f-bc4d-94beb36efc8e
7a1c30c59d314745ba839ca2e3730ed5,yes,97184c00-6be3-458c-87e0-546b65089cd7
7a1c30c59d314745ba839ca2e3730ed5,yes,ea37fcec-813b-48f0-a6b8-3f182991da65
7a1c30c59d314745ba839ca2e3730ed5,yes,ae2c19d8-531b-4d11-a489-4ffb85a20c94
7a1c30c59d314745ba839ca2e3730ed5,no,d8536cdc-b695-4c4a-a64b-451b61df2cd8
7a1c30c59d314745ba839ca2e3730ed5,no,22566d38-d6e5-4b3f-90e5-ea735753790f
7a1c30c59d314745ba839ca2e3730ed5,no,e65405c9-038d-4b12-be61-d6d01ba3d3b8
7a1c30c59d314745ba839ca2e3730ed5,yes,8d386bde-85c4-42ae-b3ac-7a5fc77ce91b
7a1c30c59d314745ba839ca2e3730ed5,no,0e354bb8-3981-4497-8df0-fcc5b909ad56
7a1c30c59d314745ba839ca2e3730ed5,yes,fc182887-81fc-45d2-9ded-76808d0fb7a8
7a1c30c59d314745ba839ca2e3730ed5,yes,9a5527fd-03c8-4303-9be8-9289b033a6e0
7a1c30c59d314745ba839ca2e3730ed5,yes,b86c5e19-0592-4f1e-82c1-695c3275c5c1
7a1c30c59d314745ba839ca2e3730ed5,yes,767e0fef-413a-49cd-9147-5e85cbec3309
7a1c30c59d314745ba839ca2e3730ed5,no,28e29de1-abbf-4c59-8ebd-3a5d83caf2ef
7a1c30c59d314745ba839ca2e3730ed5,yes,c58f7a6b-46ad-464d-b278-8d28b280f99d
7a1c30c59d314745ba839ca2e3730ed5,yes,9c25afab-aaf7-41ef-8347-853572c06e21
7a1c30c59d314745ba839ca2e3730ed5,yes,9282e633-43dd-4718-a698-4e790ac45da8
7a1c30c59d314745ba839ca2e3730ed5,yes,89d9c09a-2d1d-4a72-a88f-687a46b2efdb
7a1c30c59d314745ba839ca2e3730ed5,no,73aeefb0-1e4c-448b-b664-276dfec180f0
7a1c30c59d314745ba839ca2e3730ed5,no,43acedae-9072-4393-94fa-950e4cde4a7f
7a1c30c59d314745ba839ca2e3730ed5,yes,0ca3e85e-3d7d-4d4d-8ba2-1dd7d43a1b85
7a1c30c59d314745ba839ca2e3730ed5,yes,926c122d-9135-4aaa-84dc-b1a786e50d83
7a1c30c59d314745ba839ca2e3730ed5,yes,3d6706e5-2001-4279-8b4a-b14597771649
7a1c30c59d314745ba839ca2e3730ed5,no,6479cc31-277f-4eae-867b-0130d8b23e46
7a1c30c59d314745ba839ca2e3730ed5,no,f1eb9248-78b6-4348-a6a6-69fe97067e08
7a1c30c59d314745ba839ca2e3730ed5,yes,aeb791c8-4417-45de-9079-befa030ea070
7a1c30c59d314745ba839ca2e3730ed5,no,a3cbd604-32ab-4ed6-bb14-151e84fd4bc0
7a1c30c59d314745ba839ca2e3730ed5,yes,54624994-76b3-4b9c-9b63-ed1bc6fab9d5
544015df17f34744bf055021545448bd,yes,1bfbe7a9-03ac-42e5-84d4-aeefcaeba3bf
544015df17f34744bf055021545448bd,yes,5a25f661-cf50-4b54-80b9-71bd7ddb8931
544015df17f34744bf055021545448bd,no,ac851003-7323-4b03-b7b4-9626a01693cf
544015df17f34744bf055021545448bd,no,72af33e2-6a54-4824-8162-a6141e80a15a
544015df17f34744bf055021545448bd,no,f00ba6e5-c390-4b68-9054-33638beb706a
544015df17f34744bf055021545448bd,yes,81283dd4-a70c-4565-8b49-9f8851b6809e
544015df17f34744bf055021545448bd,yes,3305847a-918e-4184-8483-00fcaec4bdfa
544015df17f34744bf055021545448bd,no,6de5a711-4f1c-4543-8fb8-facd74a8aa73
544015df17f34744bf055021545448bd,no,a1aaefb0-3102-4827-ab10-0be2246f0042
544015df17f34744bf055021545448bd,yes,ac45a597-30e1-45cd-b554-851a1c981bf9
544015df17f34744bf055021545448bd,yes,88fec26a-8ecd-443a-8d60-448b44baf67f
544015df17f34744bf055021545448bd,yes,5b4807d8-e934-4e3a-ba09-99a53e576bc6
544015df17f34744bf055021545448bd,no,24bc989e-9e2b-463b-bf9d-7ad5b144d9af
544015df17f34744bf055021545448bd,yes,fe617a4d-672d-4b57-a1e0-c92eac3286d4
544015df17f34744bf055021545448bd,yes,f4a5799c-0983-4433-bc83-7a7bd8b125e1
544015df17f34744bf055021545448bd,no,7e74019d-e58d-4609-90f2-492d6ec4570e
804cb2529bed462c9b941e7935e4e30e,no,cda26c5d-44f9-4ff0-a49e-5891978b9999
804cb2529bed462c9b941e7935e4e30e,yes,314c308a-3356-4de7-bdec-2b917f4a8354
804cb2529bed462c9b941e7935e4e30e,yes,e3bdad17-9ca9-4365-8314-51256095579e
804cb2529bed462c9b941e7935e4e30e,yes,bb530424-45e3-4d24-8385-c773ac57c119
804cb2529bed462c9b941e7935e4e30e,yes,604a6706-0f80-46cc-bfc2-10d760a4bd89
804cb2529bed462c9b941e7935e4e30e,no,ad4843b0-9754-47a5-a44d-fc9cafb62049
804cb2529bed462c9b941e7935e4e30e,yes,8fd7e561-df36-4475-a2d1-8d72c53233ba
804cb2529bed462c9b941e7935e4e30e,no,72c02e5c-0aed-49d2-b652-ded922de0245
804cb2529bed462c9b941e7935e4e30e,yes,f6d9cab7-97d5-4c0a-a894-db77f4d9893c
804cb2529bed462c9b941e7935e4e30e,yes,82def1cc-d5cd-48dc-92f8-dac579be001b
804cb2529bed462c9b941e7935e4e30e,no,224536e4-316e-4c82-aa5d-7f9caae5ca95
804cb2529bed462c9b941e7935e4e30e,no,e9cca361-cb02-4fed-b114-c2143a062059
