owner_id,instance_id,response
9b2bf2a6d2bc48818d3b47e88e0fcd43,f3ce6cfa-c931-4a8a-a19a-bc5534356c9b,201
9b2bf2a6d2bc48818d3b47e88e0fcd43,f48a1aa4-4fc1-4c95-894d-e1b6447bd7f3,201
9b2bf2a6d2bc48818d3b47e88e0fcd43,f545600a-3936-4153-a77f-2598170513fd,201
9b2bf2a6d2bc48818d3b47e88e0fcd43,bce4635b-32e3-4c43-8870-7616f26775ea,201
9b2bf2a6d2bc48818d3b47e88e0fcd43,679627e0-4f40-4710-8abd-618796514d28,201
9b2bf2a6d2bc48818d3b47e88e0fcd43,9fa5b149-23f4-4bb3-b649-8d1cea89dcdc,201
9b2bf2a6d2bc48818d3b47e88e0fcd43,f99079e5-23de-4e10-a7a5-16f2e160e0c8,201
9b2bf2a6d2bc48818d3b47e88e0fcd43,ca804660-3dc9-4a6b-ac01-3268be7f3905,201
9b2bf2a6d2bc48818d3b47e88e0fcd43,925bd11b-f478-4142-b4bc-ec07b4018a8c,201
9b2bf2a6d2bc48818d3b47e88e0fcd43,5c82143c-7372-4bf5-8cf8-7abdeddaea86,201
9b2bf2a6d2bc48818d3b47e88e0fcd43,efffc1af-f3f9-438f-ad05-6282a49dde66,201
9b2bf2a6d2bc48818d3b47e88e0fcd43,3ddfe4cb-5b2d-4697-bbe7-105a458f6a19,201
9b2bf2a6d2bc48818d3b47e88e0fcd43,eea99a7c-8392-4106-9cfe-577e3e785973,201
9b2bf2a6d2bc48818d3b47e88e0fcd43,892a243f-1143-4664-a100-4b4ba2e901eb,201
9b2bf2a6d2bc48818d3b47e88e0fcd43,9b466bb3-6b6f-4f8b-8114-b677c6e03401,201
9b2bf2a6d2bc48818d3b47e88e0fcd43,4624d3b9-1427-43a4-bd67-79497b04e24e,201
9b2bf2a6d2bc48818d3b47e88e0fcd43,43d37547-1bef-4d6c-8f67-64a321386378,201
9b2bf2a6d2bc48818d3b47e88e0fcd43,73621f67-f5dc-4ec2-9ded-cf1d98e98976,201
9b2bf2a6d2bc48818d3b47e88e0fcd43,2df62f82-76ed-4c06-8c83-7e3729f2ace1,201
9b2bf2a6d2bc48818d3b47e88e0fcd43,59a483cc-6cd3-4223-9361-e06afbd9220d,201
9b2bf2a6d2bc48818d3b47e88e0fcd43,5d2caf51-6c95-4d0c-8d4c-f3d4f0bf7573,201
9b2bf2a6d2bc48818d3b47e88e0fcd43,ffd65989-ae91-4913-bc71-f0d97a6da0b2,201
9b2bf2a6d2bc48818d3b47e88e0fcd43,c64df168-6833-422c-a5c5-73b404d8a82a,201
9b2bf2a6d2bc48818d3b47e88e0fcd43,ff0868b9-59ca-4554-8379-dceff109c81a,201
9b2bf2a6d2bc48818d3b47e88e0fcd43,0046b04b-0040-4260-8e40-18da6f02ff0d,201
9b2bf2a6d2bc48818d3b47e88e0fcd43,e8769c21-58b6-4131-8fcc-79a58020e0ff,201
9b2bf2a6d2bc48818d3b47e88e0fcd43,2372b33e-3d4d-470d-a127-e6ef4a355aba,201
9b2bf2a6d2bc48818d3b47e88e0fcd43,8005f737-5527-40ab-835a-3c16a7cc0eac,201
9b2bf2a6d2bc48818d3b47e88e0fcd43,a9ba5fd6-d819-4883-8ac3-41bb23b07eba,201
9b2bf2a6d2bc48818d3b47e88e0fcd43,a389898a-313f-4ab3-88d3-0998a6a1582f,201
9b2bf2a6d2bc48818d3b47e88e0fcd43,dfbbe826-171e-4ea7-ab8c-dc580143417f,201
9b2bf2a6d2bc48818d3b47e88e0fcd43,0431c243-9327-4c1d-ab20-5af56e3f3cda,201
9b2bf2a6d2bc48818d3b47e88e0fcd43,ed36b3e9-b1fd-4505-a3bd-47f60c3bd1d3,201
9b2bf2a6d2bc48818d3b47e88e0fcd43,bbbe6167-e0ba-4582-ad47-a6822cbc2cb7,201
9b2bf2a6d2bc48818d3b47e88e0fcd43,8a15a9d8-0966-4bc9-8260-09f7ae1c5365,429
9b2bf2a6d2bc48818d3b47e88e0fcd43,0eece60f-bb57-4bff-af81-b41948313ca6,429
9b2bf2a6d2bc48818d3b47e88e0fcd43,a8790012-65fe-4b69-9535-5cc0d7e2cc2e,429
9b2bf2a6d2bc48818d3b47e88e0fcd43,7d00db12-e6e0-4c58-bdfa-1bf95cb14060,429
9b2bf2a6d2bc48818d3b47e88e0fcd43,bd2611e2-1049-40d7-a64f-bbb78df7f796,429
9b2bf2a6d2bc48818d3b47e88e0fcd43,56b65e12-21cc-4989-98e2-13daf7b6f59f,429
9b2bf2a6d2bc48818d3b47e88e0fcd43,bc848625-a2fe-425c-836b-1c1ef9d6c254,429
9b2bf2a6d2bc48818d3b47e88e0fcd43,40aaa33a-aa51-4d04-bc05-c9348eca70ae,429
9b2bf2a6d2bc48818d3b47e88e0fcd43,8f69a3ed-0586-4a55-9da5-ace9f9894b5c,429
9b2bf2a6d2bc48818d3b47e88e0fcd43,d5973252-9ecf-4a7a-9eff-eddb1c32f554,429
9b2bf2a6d2bc48818d3b47e88e0fcd43,75e59f6e-7f46-4dfc-b9ac-1fa107257301,429
9b2bf2a6d2bc48818d3b47e88e0fcd43,348aee79-1ca8-4ff5-8274-2d40b02ccea7,429
9b2bf2a6d2bc48818d3b47e88e0fcd43,d47dc2cd-3068-4876-acfe-6e3c29f3c008,429
9b2bf2a6d2bc48818d3b47e88e0fcd43,726e9468-eeb7-4d86-bac3-7aadd68e3711,429
9b2bf2a6d2bc48818d3b47e88e0fcd43,254f69b7-f2f3-48a7-9e4e-fce9d596869c,429
9b2bf2a6d2bc48818d3b47e88e0fcd43,4409917b-e881-4729-ba4f-c6ceed54da34,429
9b2bf2a6d2bc48818d3b47e88e0fcd43,b86cc110-55e6-4afc-ad4b-1f7801f9a979,429
9b2bf2a6d2bc48818d3b47e88e0fcd43,3cea884e-cbbb-407a-970e-b0a26895b662,429
9b2bf2a6d2bc48818d3b47e88e0fcd43,bede1629-b7ce-4193-b581-83f0e1635004,429
9b2bf2a6d2bc48818d3b47e88e0fcd43,d2ac9794-1723-46cd-bf79-aaccd93bc822,429
9b2bf2a6d2bc48818d3b47e88e0fcd43,733a031a-5d16-4e7a-9d6f-e93605c562cc,429
9b2bf2a6d2bc48818d3b47e88e0fcd43,81d66d08-6d7e-4f3e-b1aa-4ce2e2509b47,429
9b2bf2a6d2bc48818d3b47e88e0fcd43,820f7fe1-9fa2-4031-921b-b7749f91d6b2,429
9b2bf2a6d2bc48818d3b47e88e0fcd43,2619bbb8-e411-4eab-b49d-5f0509ab04ec,429
9b2bf2a6d2bc48818d3b47e88e0fcd43,efccd4ec-8c5e-4a1f-b836-3b7e25c5e5ee,429
